{
    "content":
    {
        "code":"1",
        "msg":"成功",
        "data":
        {
            "questionTitle": "谁能给我讲一个瞬间就想笑的笑话？",
            "questionDescription": "最近感觉好压抑，种种瓶颈、坎坷、不开心积压在一起，希望朋友们帮助帮助，给我点快乐因子。",
            "questionFollowers": 18821,
            "questionBrowsers": 22780713,
            "answerInfoList":[
                {
                    "articleId": 1,
                    "userNickname": "挑灯",
                    "userDescription": "醉里挑灯，只想看你醉里挑灯，只想看你醉里挑想看你醉里挑灯，只想看你醉里挑想看你醉里挑灯，只想看你醉里挑灯，只想看你",
                    "userImageUrl": "https://pic2.zhimg.com/09c0539079846822b680692ae16bd93b_is.jpg",
                    "answerStar": 5234,
                    "answerDescription": "<p>\n 一货晚上开车回家，让交警拦下，拿出个机器对他说：“麻烦吹下～\n</p>\n<p>\n 朋友说:好的，我有十五个亿，二十套别墅，四辆兰博基尼，五辆玛莎拉蒂…\n</p>\n<p>\n 交警打断他，指着手上机器说，我让你吹它。\n</p>\n<p>\n 奥，好啊，这个机器非常牛逼，美国原装进口，十万美元一台，能测谎，还能拦截导弹…\n</p>\n<p>\n 后来朋友被警察带走了，说妨碍公务…\n</p>",
                    "answerLength": 140,
                    "answerExtraction": " 一货晚上开车回家，让交警拦下，拿出个机器对他说：“麻烦吹下～ 朋友说:好的，我有十五个亿，二十套别墅，四辆兰博基尼，五辆玛莎拉蒂… 交警打断他，指着手上机器说，我让你吹它。 奥，好啊，这个机器非常牛逼，美国原装进口，十万美元一台，能测谎，还能拦截导弹… 后来朋友被警察带走了，说妨碍公务… ",
                    "keyWord": [
                        "机器",
                        "交警",
                        "朋友",
                        "兰博基尼",
                        "拦截导弹"
                    ],
                    "commentNumber": 134
                },
                {
                    "answerId": 2,
                    "userNickname": "知乎用户",
                    "userDescription": "这个人很懒 啥也没留下",
                    "userImageUrl": "https://pic4.zhimg.com/da8e974dc_is.jpg",
                    "answerStar": 16640,
                    "answerDescription": "<p>\n 话说川普和希拉里完成电视辩论后很晚了，要吃东西补充能量，他们一起进一家面包店，可两人发现身上都没带钱。希拉里犹豫了一下，然后趁店员不注意时伸手取了3块糕点藏进口袋。\n</p>\n<p>\n 她小声对川普说: “你看我多聪明，店主什么都没看到，而我甚至都不需要撒谎, 我一定会战胜你赢得美国总统宝座！”川普说: “为了达到目的，以欺骗和盗窃行事，难道这就是你的一贯作风吗？其实，用诚实的方式也能获得相同的结果。看我的！”\n</p>\n<p>\n 于是川普对面包店老板说：“我是共和党总统候选人川普，现在我会表演一个魔术给你看，拜托你帮个忙把这块糕点递给我。”\n</p>\n<p>\n 店老板很好奇，立即按他吩咐给了他一块糕点。川普狼吞虎咽下去，并要求再来一块，也吞下肚。然后川普又要了第三块糕点，又一口顺到胃里。\n</p>\n<p>\n 此时店主有些纳闷，就问川普到底魔术何时会出现。\n</p>\n<p>\n 川普答曰：“现在是见证奇迹的时刻了，刚才的三块蛋糕都在希拉里的口袋里。”\n</p>",
                    "answerLength": 372,
                    "answerExtraction": " 话说川普和希拉里完成电视辩论后很晚了，要吃东西补充能量，他们一起进一家面包店，可两人发现身上都没带钱。希拉里犹豫了一下，然后趁店员不注意时伸手取了3块糕点藏进口袋。 她小声对川普说: “你看我多聪明，店主什么都没看到，而我甚至都不需要撒谎, 我一定会战胜你赢得美国总统宝座！”川普说: “为了达到目的，以欺骗和盗窃行事",
                    "keyWord": [
                        "川普",
                        "糕点",
                        "面包店",
                        "魔术",
                        "店主"
                    ],
                    "commentNumber": 171
                },
                {
                    "answerId": 3,
                    "userNickname": "叶落秋",
                    "userDescription": "幽默答主，电影达人",
                    "userImageUrl": "https://pic4.zhimg.com/v2-f8a3c0740563cdd4dc9a9e64dc2db875_is.jpg",
                    "answerStar": 16488,
                    "answerDescription": "<p>\n 在霓虹国，有一位手办大触，名叫めーちっさい，他从15年开始就喜欢搜集网上的一些“拍摄角度清奇”的照片，然后按照拍摄时候的瞬间制作出还原度极高的手办。他制作的手办，不仅动作搞笑而且每一个都特别传神。\n</p>\n<p>\n 以下是他制作的一些手办，每一个都散发着浓浓的沙雕气息。\n</p>\n<p>\n <b>\n  火爆全球的Punch DOG！\n </b>\n</p>\n\n \n  <img src='https://pic1.zhimg.com/50/v2-92fc3f3dd7bc6a3d409b9bcfdfe8133b_hd.jpg' width='640'>\n \n \n\n<p>\n <b>\n  这只猫到底是坐着还是趴着？\n </b>\n</p>\n\n \n  <img src='https://pic2.zhimg.com/50/v2-9eccc6374f206ce47302b444d38d691b_hd.jpg' width='640'>\n \n \n\n<p>\n <b>\n  一拳打爆狗头的暴走猫咪！\n </b>\n</p>\n\n \n  <img src='https://pic4.zhimg.com/50/v2-ad851a4501e5a08b2efabfbf5ecd1027_hd.jpg' width='640'>\n \n \n\n<p>\n <b>\n  拥有着雄鹿血统的猫咪。\n </b>\n</p>\n\n \n  <img src='https://pic1.zhimg.com/50/v2-1799c1b9fbe4a9ba1a4a7e51a00b160a_hd.jpg' width='640'>\n \n \n\n<p>\n <b>\n  伸着小爪子晒太阳的信鸽。\n </b>\n</p>\n\n \n  <img src='https://pic2.zhimg.com/50/v2-b4a012b61b2d501a2237043c076f645d_hd.jpg' width='640'>\n \n \n\n<p>\n <b>\n  没有背，再也不用伸懒腰的橘猫。\n </b>\n</p>\n\n \n  <img src='https://pic2.zhimg.com/50/v2-e538e46460b35219c595e5efcc3c2b47_hd.jpg' width='640'>\n \n \n\n<p>\n <b>\n  光滑到一丝不苟的狗狗！\n </b>\n</p>\n\n \n  <img src='https://pic2.zhimg.com/50/v2-7dcd6c19978755bc0dad1729b7f96025_hd.jpg' width='640'>\n \n \n\n<p>\n <b>\n  新鲜出炉的炸猫咪天妇罗！\n </b>\n</p>\n\n \n  <img src='https://pic2.zhimg.com/50/v2-0101054542b57ce228c99a10bd588f07_hd.jpg' width='640'>\n \n \n\n<p>\n <b>\n  低空漂浮的羊驼。（好像一坨~）\n </b>\n</p>\n\n \n  <img src='https://pic1.zhimg.com/50/v2-f1ed88f4f290fe97698435c5d1c06217_hd.jpg' width='640'>\n \n \n\n<p>\n <b>\n  躲避追杀，瞬间直立的猫！\n </b>\n</p>\n\n \n  <img src='https://pic1.zhimg.com/50/v2-198f878bcbab1859614b164715124498_hd.jpg' width='640'>\n \n \n\n<p>\n <b>\n  带有长颈鹿血统的猫咪！\n </b>\n</p>\n\n \n  <img src='https://pic4.zhimg.com/50/v2-0f7e0dc5d6cd0a7feae8890103dabacc_hd.jpg' width='640'>\n \n \n\n<p>\n <b>\n  这躺着吃东西的姿势，像极了懒在沙发上的我。\n </b>\n</p>\n\n \n  <img src='https://pic1.zhimg.com/50/v2-59aada6e3f3a62c4256195b8a911781b_hd.jpg' width='640'>\n \n \n\n<p>\n <b>\n  十个月了，你的前女友带着你的娃来找你了！\n </b>\n</p>\n\n \n  <img src='https://pic1.zhimg.com/50/v2-092f30a0ed41240bbc0c1746ed7cf008_hd.jpg' width='640'>\n \n \n\n<p>\n 以上图片都是网络整理，自己合集，侵删！\n</p>",
                    "answerLength": 323,
                    "answerExtraction": " 在霓虹国，有一位手办大触，名叫めーちっさい，他从15年开始就喜欢搜集网上的一些“拍摄角度清奇”的照片，然后按照拍摄时候的瞬间制作出还原度极高的手办。他制作的手办，不仅动作搞笑而且每一个都特别传神。 以下是他制作的一些手办，每一个都散发着浓浓的沙雕气息。 火爆全球的Punch DOG！ 这只猫到底是坐着还是趴着？ 一拳",
                    "keyWord": [
                        "猫咪",
                        "制作",
                        "血统",
                        "瞬间",
                        "拍摄角度"
                    ],
                    "commentNumber": 206
                },
                {
                    "answerId": 4,
                    "userNickname": "梅砸",
                    "userDescription": "对外汉语硕士在读",
                    "userImageUrl": "https://pic1.zhimg.com/v2-086ab43b3a7fea33d9dcc3ea96979c9f_is.jpg",
                    "answerStar": 8714,
                    "answerDescription": "<p>\n 这学期开始实习，教一个预科班的汉语，班上的学（xiong）生（hai zi）大都十八九岁，来自世界各地，拿了中国政府奖学金来中国学汉语。分到我们班的有15个学生，他们来自十四个国家，国籍不同、肤色不同、性格也不同。\n</p>\n<p>\n 因为亲属语言以及历史殖民的原因，大多数同学都会好几门外语。下课后听他们操着俄语、英语、印尼语、汉语、法语、荷兰语讨论早上吃包子还是面包，喝果汁还是喝咖啡的时候，我就觉得有一种莫名的喜感。\n</p>\n<p>\n 刚分班的时候，我们喜欢凑在一起，看那些歪果仁取的各种奇葩的中文名字，主要有以下几种类别：\n</p>\n<p>\n <b>\n  1.混黑道的\n </b>\n ：“独哥、强大龙、飞龙、铁龙、铁小龙”（感觉他们对龙有执念。另外，铁小龙同学，你真的不知道在中国，前面的那位“铁龙”同志会被误认为是你的什么人嘛？）\n</p>\n\n \n  <img src='https://pic3.zhimg.com/50/v2-ad2fbb0488deef15608484bcf8d4661c_hd.jpg' width='640'>\n \n \n\n<p>\n <b>\n  2.有反差萌的\n </b>\n ：张罗力。\n</p>\n<p>\n 然而人家是一枚来自塔吉克斯坦的壮汉……\n</p>\n\n \n  <img src='https://pic4.zhimg.com/50/v2-0f0ebd2ceec4acd8f983d677654798ab_hd.jpg' width='640'>\n \n \n\n<p>\n <b>\n  3.中规中矩翻译过来的\n </b>\n ：玛丽、杰克、詹姆斯、大卫……\n</p>\n<p>\n <b>\n  4.很中国的\n </b>\n ：王明、吴涛、丁蕊……\n</p>\n<p>\n <b>\n  5.很古典的\n </b>\n ：未央（这个名字应该是中国人帮她取的，而且此人极有可能是唐嫣的粉丝）\n</p>\n\n \n  <img src='https://pic1.zhimg.com/50/v2-3a23e78812a84626982ab1f204bf1bd8_hd.jpg' width='640'>\n \n \n\n<p>\n 平时与这些熊孩子沟通的过程并不仅仅是智力的比拼，它还考验你的演技、三观承受能力、丰富的想象力以及思维跳跃能力。\n</p>\n<p>\n 1.学生：“老师，我们家养了一只男狗，它很可爱！”\n</p>\n\n \n  <img src='https://pic4.zhimg.com/50/v2-9561ba393586986af0262a051002f1ad_hd.jpg' width='640'>\n \n \n\n<p>\n 2.学生：“老师，为什么我们国家的狗这么大，而中国的狗这么小？”\n</p>\n\n \n  <img src='https://pic2.zhimg.com/50/v2-5f4014d37444bbf9308fb3ec53c256ca_hd.jpg' width='640'>\n \n \n\n<p>\n 我：“……因为浓缩就是精华？”\n</p>\n<p>\n 3.学生：“老师，我今天早上看到一个小朋友，我对他说，‘你好!’他说：‘妈妈！妈妈！外国人，外国人！’”\n</p>\n\n \n  <img src='https://pic2.zhimg.com/50/v2-5996d60a5350c1d2bdfeaa06263c0442_hd.jpg' width='640'>\n \n \n\n<p>\n 土耳其小哥已哭晕在厕所。\n</p>\n<p>\n 4.课间我给他们放网易云的音乐，刚好播放了一首BIGBANG的歌，这时候一个非洲的女生听到音乐就冲进我们班，开始随着音乐疯狂地扭动起来，一边扭一边问我：“老师你也喜欢BIGBANG？那你知道……吗？”\n</p>\n<p>\n 她说了一个英文名字，我没听清，但我猜她说的是权志龙，于是非常配合地说：“我知道呀！”她一脸惊喜，“他是我的boyfriend！”。\n</p>\n<p>\n 我很淡定地回了她一句，“我知道，他是你老公！”她兴奋地要跟我击掌，“Yeah，you are right！”\n</p>\n<p>\n 同一个世界同一个老公！\n</p>\n\n \n  <img src='https://pic2.zhimg.com/50/v2-99dfb9401d21f0d3a9a88283cf89b593_hd.jpg' width='640'>\n \n \n\n<p>\n 我老公是吴彦祖。\n</p>\n<p>\n 5.我有个师姐是乌克兰人，我们同一个导师，导师治学严谨，要求严格，大家在敬畏的同时，都有点怕他。有一天，和乌克兰师姐走在路上。\n</p>\n<p>\n 她：“你们都怕导师，我就不怕！”\n</p>\n<p>\n 我（一脸崇拜）：“为啥？”\n</p>\n<p>\n 她：“因为我是战斗民族的女人！”\n</p>\n<p>\n 6.在微信群里通知学生某天去哪个办公室领奖学金，一片欢呼之下，出现了一个很忧伤的表情，定睛一看，是我们班的大学霸，他一脸忧愁：“老师，我不喜欢钱！”“那你喜欢什么？”“我喜欢学习汉语！”\n</p>\n\n \n  <img src='https://pic2.zhimg.com/50/v2-08ece77a7217943e809f178793e845c2_hd.jpg' width='640'>\n \n \n\n<p>\n 7.一日，在课堂上讲到xia的拼音，我说xia是一种海鲜，一种食物，可以吃的。可偏偏忘记了虾的英语单词是什么，只好使用我魔性的画风在黑板上画了一只虾，一只我以为它是虾的虾，大概像这样:\n</p>\n\n \n  <img src='https://pic4.zhimg.com/50/v2-24ebcf24bf3d4928be8ef3537f5a3caa_hd.jpg' width='640'>\n \n \n\n<p>\n 快说你是虾！\n</p>\n<p>\n 我的画应该是抽象派的吧。\n</p>\n<p>\n 学生懵逼，我突然联想到螃蟹，毕竟螃蟹和虾是好基友啊，于是我又在黑板上画了一只我以为它是螃蟹的螃蟹，大概像这样:\n</p>\n\n \n  <img src='https://pic4.zhimg.com/50/v2-03737c6615c8cd5a2fc5c8984d4f031a_hd.jpg' width='640'>\n \n \n\n<p>\n 螃蟹：老子不长这样！\n</p>\n<p>\n 学生继续懵逼。\n</p>\n<p>\n 突然，我脑子一抽，在讲台上做起了螃蟹横着走的动作，熊孩子们这才恍然大悟。\n</p>\n<p>\n 可这时候我才发现，刚才的自己简直宛如智障……\n</p>\n<p>\n 说好的人民教师呢？\n</p>\n<p>\n 说好的中华淑女呢？\n</p>\n<p>\n 张艺谋为啥还不来找我拍戏？\n</p>\n\n \n  <img src='https://pic2.zhimg.com/50/v2-fa1a05856991d50621077a21751cd56d_hd.jpg' width='640'>\n \n \n\n<p>\n 论一个用生命在演戏的女教师的修养。\n</p>\n<p>\n 8.去年给一个南艺（对，就是录取了林妙可的那所学校）的韩国小姐姐上汉语课，走到学校门口，发现有一个小店卖现炒的核桃味瓜子，我就想着我们可以一边嗑瓜子、一边上课（就是这么任性！），于是就买了一袋大摇大摆地走进去了。\n</p>\n<p>\n 但！是！让我没有想到的是，她！居！然！不！会！嗑！瓜！子！她说在韩国根本就没有瓜子这个东西。\n</p>\n<p>\n 我原本以为嗑瓜子是全世界下至3岁孩童，上至80岁老妪都必备的生存技能，没想到我真是too young too naive！于是，那节汉语课就变成了嗑瓜子课，我教她先把葵花籽竖起来，然后放在上下门牙之间轻轻一嗑就可以了。可她学了很久也没学会，丧失了成为一代优秀吃瓜群众的机会。\n</p>\n\n \n  <img src='https://pic2.zhimg.com/50/v2-e121d8eedb7c82b87566d3515e1353f6_hd.jpg' width='640'>\n \n \n\n<p>\n 关于这个韩国小姐姐，我能想起的最多的记忆不是给她上汉语课，而是我们俩奔蹿在南京的大街小巷里吃酸菜鱼的日子，我们分工很和谐，我吃酸菜她吃鱼，然后顺便吐槽一下这家不够辣，那家不够正宗。\n</p>\n<p>\n 9.班上有个南非小哥出生书香世家，能说八国语言，所以课下能自如切换多种语言和不同国家的同学聊天，我问他：“你在各种语言之间穿梭不累吗？”他回答：“我觉得你们中国人说话带着四个声调才累！”\n</p>\n<p>\n 10.学生:老师，你很可爱！\n</p>\n<p>\n 我(淡定地):谢谢，我知道！\n</p>\n<p>\n 学生……\n</p>\n<p>\n 隔了一段时间。\n</p>\n<p>\n 我:你这次四级考了200多(满分300)，很厉害啊！\n</p>\n<p>\n 学生(轻蔑地):谢谢，我知道！\n</p>\n<p>\n 我……\n</p>\n<p>\n 11.第二个学期，班上来了一个插班生，某次下课他拦住我，一脸认真:老师，为什么你这么矮？\n</p>\n<p>\n 我(一口老血卡在嗓子眼)反问:第26课生词背了吗？\n</p>\n<p>\n 他:还没。\n</p>\n<p>\n 我:回去每个抄十遍。\n</p>\n<p>\n 他一脸无辜:为什么？\n</p>\n<p>\n 我 :因为我觉得你有慧根！ ！！\n</p>\n\n \n  <img src='https://pic4.zhimg.com/50/v2-f939c8d3de99ef4bf986e6b3adcac829_hd.jpg' width='640'>\n \n \n\n<p>\n 12.某男同学:老师，我觉得你们中国女人会骗人，因为我看中国女人的脸，我不知道她们是18岁，28岁还是38岁。\n</p>\n<p>\n 我……\n</p>\n\n \n  <img src='https://pic1.zhimg.com/50/v2-da259407075757fc8388ccebf002b7f0_hd.jpg' width='640'>\n \n \n\n<p>\n (长得嫩是我们的错吗？)\n</p>\n<p>\n 13.班上的同学都是捧王，每天都能找到各种各样的点来夸你，这也有可能和他们的国家文化有关，热爱赞美别人。小到发型、项链、服饰都能吹一波彩虹屁。有一次可能实在没什么好夸了，一位同学跑过来揪着我羽绒服帽子上的毛对我说:老师，我喜欢你帽子上的毛。\n</p>\n<p>\n 我……\n</p>\n<p>\n 每天放学前，他们都会来讲台前和我说再见。\n</p>\n<p>\n 学生A:谢谢老师，你今天很漂亮！\n</p>\n<p>\n 后面的学生B立马纠正:老师“每天”都很漂亮！\n</p>\n<p>\n 求生欲满分！(前面那位说我短的同学请好好学习一下！)\n</p>\n\n \n  <img src='https://pic2.zhimg.com/50/v2-912b1b70639386e9952f1b017c19226b_hd.jpg' width='640'>\n \n \n\n<p class='ztext-empty-paragraph'>\n <br/>\n</p>\n<p>\n 14.班上有个黑人小哥因为报道晚了半个月，等他到班上的时候我们已经学完拼音了，所以他一直没跟上班上进度，虽然后来学院为这些学生补了课，但他还是没跟上班上水平，有时上课我就会关照一下他，上完一些新内容，我会单独给他再慢速过一遍，然后问他“你听懂了吗？”看他表情我就知道他啥也没听懂，只听懂了最后我问他的那句“你听懂了吗？”，然后他的头点得像小鸡啄米一样，看得我真是又好气又好笑。\n</p>\n<p>\n 15.还是上面这位黑人小哥，因为成绩一直跟不上，考了几次试他感觉备受打击，于是开始想方设法翘课，请假理由五花八门，“老师，我牙疼”“老师，我脑子疼”“老师，我眼珠子疼”，后来有一次，他实在想不出什么新颖的理由了，于是对我说“老师，我肠子疼。”\n</p>\n<p>\n 我……\n</p>\n<p>\n 说起请假，班上还有一位女生来了大姨妈肚子疼，但她不知道大姨妈用中文怎么说，所以借助了万能的双语词典，然后下课后可怜巴巴地跑过来跟我说，“老师，我卵巢疼。”\n</p>\n<p>\n 我……\n</p>\n<p>\n 我还能怎么办？当然是批准啊！\n</p>\n<p>\n <b>\n  除此之外，还有一些小甜蜜……\n </b>\n</p>\n<p>\n 1.课间去洗手间洗手，一出门就遇到班上的两个来自印尼的女生，她们很激动地往我手里塞了一把糖。。。在。厕。所。门。口。\n</p>\n<p>\n 2.和两个法国人一起去吃饺子，他们艰难地用汉语交流什么馅儿的饺子最好吃，我听了觉得好笑，于是问他们：“你们两个都是法国人，为什么不说法语啊？”得到的答案是：“因为我们说法语，你就听不懂了。”\n</p>\n<p>\n 突然被暖到了。\n</p>\n<p>\n 3.韩国姐姐要回国，临走前我们一起去吃饭。吃完饭走出广场，我看见有个老奶奶在卖花，于是挑了一把送给她当作赠别礼。\n</p>\n<p>\n 她问我，“这是什么花？”\n</p>\n<p>\n 我答:“这是勿忘我。”\n</p>\n<p>\n 她说:“勿忘我。”\n</p>\n<p>\n 我说:“好的。”\n</p>\n\n \n  <img src='https://pic2.zhimg.com/50/v2-07933dc37ba0b38cf30118ad1db7ba14_hd.jpg' width='640'>\n \n \n\n<p>\n 勿忘你啊！\n</p>\n<p>\n 4.班上有个身高一米九的壮汉，每次上来跟我说话都要站在讲台下面，双腿呈劈叉式，把下巴搁在讲台上抬头跟我说话，我看了觉得好笑，问他为什么。他不好意思地笑笑，说感觉自己太高了，站在我面前有一种居高临下的感觉，他觉得这样对老师很不礼貌，所以采取了这样一种“仰视”的姿态。\n</p>\n<p>\n 5.班上有个土耳其男生，特别认真努力的一个男孩子，学习成绩也非常好，对老师非常尊重，记得有一次在班上讲“酸甜苦辣”的时候，我就问他们喜欢什么味道，然后这个土耳其男生反问我，我喜欢什么味道，我说我喜欢酸的。我的家乡有很多人喜欢吃酸菜，我也很喜欢。然后过了几天，上课前他突然递给我一罐土耳其泡菜，说送给我的。这个男生兴趣爱好广泛，脑洞很大，经常给我发这样的内容:\n</p>\n\n \n  <img src='https://pic1.zhimg.com/50/v2-20f92f4c59d139dfbdf4cbe42c782ccb_hd.jpg' width='640'>\n \n \n\n<p class='ztext-empty-paragraph'>\n <br/>\n</p>\n\n \n  <img src='https://pic4.zhimg.com/50/v2-cb3518d616f85168b06e0887a958a9b2_hd.jpg' width='640'>\n \n \n\n<p class='ztext-empty-paragraph'>\n <br/>\n</p>\n\n \n  <img src='https://pic4.zhimg.com/50/v2-f85a355682c8add59da44dc933da4ffc_hd.jpg' width='640'>\n \n \n\n<p>\n 哈哈哈\n</p>\n<p>\n 总之，和他们在一起的一年每天都充满欢声笑语，他们都很可爱。\n</p>\n<p>\n 附上两条以前发过的朋友圈:\n</p>\n\n \n  <img src='https://pic2.zhimg.com/50/v2-c885b31663d30949c7e538a0921f5445_hd.jpg' width='640'>\n \n \n\n<p>\n 是四个人凑一桌麻将，旁边再俩人端茶倒水么？\n</p>\n\n \n  <img src='https://pic4.zhimg.com/50/v2-f25902d3a24dbf11d92fd8f3d35a95ef_hd.jpg' width='640'>\n \n \n\n<p class='ztext-empty-paragraph'>\n <br/>\n</p>\n\n \n  <img src='https://pic4.zhimg.com/50/v2-15bae93e59197fdc5534344f3b6cb7a1_hd.jpg' width='640'>\n \n \n\n<p>\n 点个赞再走呗，会更新哒\n</p>",
                    "answerLength": 3359,
                    "answerExtraction": " 这学期开始实习，教一个预科班的汉语，班上的学（xiong）生（hai zi）大都十八九岁，来自世界各地，拿了中国政府奖学金来中国学汉语。分到我们班的有15个学生，他们来自十四个国家，国籍不同、肤色不同、性格也不同。 因为亲属语言以及历史殖民的原因，大多数同学都会好几门外语。下课后听他们操着俄语、英语、印尼语、汉语、法",
                    "keyWord": [
                        "老师",
                        "学生",
                        "汉语",
                        "螃蟹",
                        "小哥"
                    ],
                    "commentNumber": 451
                },
                {
                    "answerId": 5,
                    "userNickname": "Orange欧伶猪",
                    "userDescription": "擅长降维打击 专业抖机灵",
                    "userImageUrl": "https://pic4.zhimg.com/v2-fde91f1c7fa759b4a8f9688d7acfc39d_is.jpg",
                    "answerStar": 52491,
                    "answerDescription": "\n \n  <img src='https://pic2.zhimg.com/50/v2-cd56bd9a354b003347a2d582104e0b29_hd.jpg' width='640'>\n \n \n\n<p class='ztext-empty-paragraph'>\n <br/>\n</p>\n<p class='ztext-empty-paragraph'>\n <br/>\n</p>\n\n \n  <img src='https://pic1.zhimg.com/50/v2-f1f31c26d9997fe22ba64837407fba52_hd.jpg' width='640'>\n \n \n\n<p class='ztext-empty-paragraph'>\n <br/>\n</p>\n\n \n  <img src='https://pic2.zhimg.com/50/v2-909d14c8e1fc467d6922430059b1cf4b_hd.jpg' width='640'>\n \n \n\n<p class='ztext-empty-paragraph'>\n <br/>\n</p>\n\n \n  <img src='https://pic2.zhimg.com/50/v2-3ec6111038ed5782e241e8a67155dc2e_hd.jpg' width='640'>\n \n \n\n<p class='ztext-empty-paragraph'>\n <br/>\n</p>\n\n \n  <img src='https://pic1.zhimg.com/50/v2-9fee4ffdc839489051e33c6f1c9a7353_hd.jpg' width='640'>\n \n \n <figcaption>\n  不由自主地做了一下那个动作哈哈哈哈哈哈\n </figcaption>\n\n<p class='ztext-empty-paragraph'>\n <br/>\n</p>\n\n \n  <img src='https://pic4.zhimg.com/50/v2-a016215e5d4d7173a0b6fbad74786949_hd.jpg' width='640'>\n \n \n\n<p class='ztext-empty-paragraph'>\n <br/>\n</p>\n\n \n  <img src='https://pic2.zhimg.com/50/v2-b9e8be8af0e75cc0fb5b0e03c4ab9c36_hd.jpg' width='640'>\n \n \n\n<p class='ztext-empty-paragraph'>\n <br/>\n</p>\n\n \n  <img src='https://pic3.zhimg.com/50/v2-f4e5dcf6b68b6caa601b45e0e8f0801a_hd.jpg' width='640'>\n \n \n\n<p class='ztext-empty-paragraph'>\n <br/>\n</p>\n\n \n  <img src='https://pic4.zhimg.com/50/v2-7f4ac1386ee64745997a223d0700b800_hd.jpg' width='640'>\n \n \n <figcaption>\n  据说是真的哈哈哈哈哈哈\n </figcaption>\n\n\n \n  <img src='https://pic1.zhimg.com/50/v2-45391d380bedbeba38de028f606cc184_hd.jpg' width='640'>\n \n \n\n\n \n  <img src='https://pic3.zhimg.com/50/v2-488d50f8264ae06ba15086f35e04f654_hd.jpg' width='640'>\n \n \n\n<p class='ztext-empty-paragraph'>\n <br/>\n</p>\n\n \n  <img src='https://pic2.zhimg.com/50/v2-be662c1c9c20e16df8d32dedd043c0ac_hd.jpg' width='640'>\n \n \n\n\n \n  <img src='https://pic4.zhimg.com/50/v2-8dbde2f938b5efefe66092192dfb5f0e_hd.jpg' width='640'>\n \n \n <figcaption>\n  评论鬼才哈哈哈哈哈哈\n </figcaption>\n\n<p class='ztext-empty-paragraph'>\n <br/>\n</p>\n<p class='ztext-empty-paragraph'>\n <br/>\n</p>\n\n \n  <img src='https://pic4.zhimg.com/50/v2-85264fb5dbcb08f1196fa1b211df6150_hd.jpg' width='640'>\n \n \n <figcaption>\n  我被生命勒到了脖子，把双下巴都勒出来那种。\n </figcaption>\n\n<p class='ztext-empty-paragraph'>\n <br/>\n</p>\n\n \n  <img src='https://pic1.zhimg.com/50/v2-93b2ca0207c52956010b320b0eb03e41_hd.jpg' width='640'>\n \n \n\n\n \n  <img src='https://pic2.zhimg.com/50/v2-98980192159eaff00376b24cdca02e99_hd.jpg' width='640'>\n \n \n\n\n \n  <img src='https://pic2.zhimg.com/50/v2-680b1bfcce36486eead297f5a582f4c3_hd.jpg' width='640'>\n \n \n\n\n \n  <img src='https://pic3.zhimg.com/50/v2-b1d7b1b99fb0cc32f3169880be793a42_hd.jpg' width='640'>\n \n \n\n\n \n  <img src='https://pic2.zhimg.com/50/v2-1a90ac9d4beffc2dd4996ecd06519d38_hd.jpg' width='640'>\n \n \n\n\n \n  <img src='https://pic1.zhimg.com/50/v2-3fc2f6c001caf317a7e21da033b14b1a_hd.jpg' width='640'>\n \n \n\n\n \n  <img src='https://pic4.zhimg.com/50/v2-249b2a3533d6ca36a8d45e698a0ee14e_hd.jpg' width='640'>\n \n \n\n\n \n  <img src='https://pic3.zhimg.com/50/v2-d558302f7e5deb0af49aa59f9794f91b_hd.jpg' width='640'>\n \n \n\n\n \n  <img src='https://pic4.zhimg.com/50/v2-4434bc8bb97ff9bd1c2bfd5f1ca6d3e8_hd.jpg' width='640'>\n \n \n\n\n \n  <img src='https://pic4.zhimg.com/50/v2-4624dce690d4f151b15dda4b263dce80_hd.jpg' width='640'>\n \n \n\n\n \n  <img src='https://pic1.zhimg.com/50/v2-5e07ae548dc23dbb3d905315b5122f8b_hd.jpg' width='640'>\n \n \n\n\n \n  <img src='https://pic2.zhimg.com/50/v2-55d00e2b147fd189d14e5176f06e9ec3_hd.jpg' width='640'>\n \n \n\n\n \n  <img src='https://pic1.zhimg.com/50/v2-354d38692df3404139f38032a5393d39_hd.jpg' width='640'>\n \n \n\n\n \n  <img src='https://pic2.zhimg.com/50/v2-61fe5ae14ece0586c9a873c7f4ba21c1_hd.jpg' width='640'>\n \n \n\n\n \n  <img src='https://pic4.zhimg.com/50/v2-c0be1c6b3c7bfe062d745122831e1f8a_hd.jpg' width='640'>\n \n \n\n\n \n  <img src='https://pic4.zhimg.com/50/v2-04d8d18b6ded528c9efd62fc1edeffea_hd.jpg' width='640'>\n \n \n\n\n \n  <img src='https://pic1.zhimg.com/50/v2-3ea8455f519e0b27af8c03c8e4a71cef_hd.jpg' width='640'>\n \n \n\n\n \n  <img src='https://pic3.zhimg.com/50/v2-8110acb529988683a1c1c2bb84fc1754_hd.jpg' width='640'>\n \n \n\n\n \n  <img src='https://pic3.zhimg.com/50/v2-6ae43f2354d6612ffd08cdba4c686851_hd.jpg' width='640'>\n \n \n\n<p>\n 笑到无法呼吸哈哈哈哈哈哈哈哈哈哈\n</p>\n<p class='ztext-empty-paragraph'>\n <br/>\n</p>\n<hr/>\n<p>\n 再补充一下哈哈哈哈哈哈哈脑袋有坑哈哈哈哈\n</p>\n\n \n  <img src='https://pic1.zhimg.com/50/v2-43459105ce22a5c1e62a359baf3d7822_hd.jpg' width='640'>\n \n \n\n\n \n  <img src='https://pic1.zhimg.com/50/v2-be7c8d0e98005a479e4b5191a40b448a_hd.jpg' width='640'>\n \n \n\n<p>\n （也是在知乎看到的图，据说出处是“负波普学会”的微博~）\n</p>\n<hr/>\n<p>\n 再再补充哈哈哈哈沙雕欢乐多哈哈哈哈哈哈\n</p>\n\n \n  <img src='https://pic1.zhimg.com/50/v2-8cce469ab371dce73a83ec318bc1dacc_hd.jpg' width='640'>\n \n \n\n\n \n  <img src='https://pic1.zhimg.com/50/v2-3cd6512e0d159aa33121e1e0728d7bca_hd.jpg' width='640'>\n \n \n\n\n \n  <img src='https://pic1.zhimg.com/50/v2-1a51dc71a21ddc5d3b2b38a6c3ef7689_hd.jpg' width='640'>\n \n \n\n\n \n  <img src='https://pic1.zhimg.com/50/v2-47a1c183baf65c63f66c9ae733a4324c_hd.jpg' width='640'>\n \n \n\n\n \n  <img src='https://pic2.zhimg.com/50/v2-14fd78d02eb73a55b76a70b3d16a1719_hd.jpg' width='640'>\n \n \n\n\n \n  <img src='https://pic2.zhimg.com/50/v2-82158c7f02262cbf445c4459eaf07b25_hd.jpg' width='640'>\n \n \n\n\n \n  <img src='https://pic2.zhimg.com/50/v2-ab6cda0020c810e52a903226929e519e_hd.jpg' width='640'>\n \n \n\n<p class='ztext-empty-paragraph'>\n <br/>\n</p>\n<p class='ztext-empty-paragraph'>\n <br/>\n</p>\n<p>\n （以上图片来自微博，侵删。）\n</p>\n<p class='ztext-empty-paragraph'>\n <br/>\n</p>\n<hr/>\n<p class='ztext-empty-paragraph'>\n <br/>\n</p>\n\n \n  <img src='https://pic1.zhimg.com/50/v2-cde2eb6149a25d6f643a4aa75a34e385_hd.jpg' width='640'>\n \n \n\n\n \n  <img src='https://pic3.zhimg.com/50/v2-f1e5c334a317cb803e0e02e284b6e160_hd.jpg' width='640'>\n \n \n\n\n \n  <img src='https://pic1.zhimg.com/50/v2-9a37b0f96e9469a071ab1df1e848f059_hd.jpg' width='640'>\n \n \n\n\n \n  <img src='https://pic4.zhimg.com/50/v2-7a99baf0c3b6949ca1f1f9b3e900464f_hd.jpg' width='640'>\n \n \n\n\n \n  <img src='https://pic1.zhimg.com/50/v2-4e5ae32e09be69daa495a79dffe44104_hd.jpg' width='640'>\n \n \n\n\n \n  <img src='https://pic2.zhimg.com/50/v2-c01b920cf9ddf18069beb104eda314de_hd.jpg' width='640'>\n \n \n\n\n \n  <img src='https://pic2.zhimg.com/50/v2-2ea4a5de8cb8568799ad420055a398cf_hd.jpg' width='640'>\n \n \n\n\n \n  <img src='https://pic1.zhimg.com/50/v2-5be4b9c9fd25a21de9b7bd101fa7c57f_hd.jpg' width='640'>\n \n \n\n\n \n  <img src='https://pic4.zhimg.com/50/v2-68c53bb3c3fe288e3903c42fddb1b24f_hd.jpg' width='640'>\n \n \n\n\n \n  <img src='https://pic2.zhimg.com/50/v2-c45f703cfad8a2d73a1ce04a253ff2fd_hd.jpg' width='640'>\n \n \n\n\n \n  <img src='https://pic3.zhimg.com/50/v2-d6ca64d4f7a2b4f15c3e3d1556f15574_hd.jpg' width='640'>\n \n \n\n\n \n  <img src='https://pic4.zhimg.com/50/v2-9300b174289297f93762cf06480cb567_hd.jpg' width='640'>\n \n \n\n<p class='ztext-empty-paragraph'>\n <br/>\n</p>\n<p class='ztext-empty-paragraph'>\n <br/>\n</p>\n<p class='ztext-empty-paragraph'>\n <br/>\n</p>\n<p>\n po一个笑话的回答\n</p>\n<a class='internal' data-draft-node='block' data-draft-type='link-card' data-image='https://pic3.zhimg.com/v2-85c1b950c74fbdf449761f0d0c7fc23a_ipico.jpg' data-image-height='434' data-image-width='500' href='https://www.zhihu.com/question/320669736/answer/668309403'>\n 最近有点丧，能讲个笑话吗？\n</a>\n<p class='ztext-empty-paragraph'>\n <br/>\n</p>\n<hr/>\n<p class='ztext-empty-paragraph'>\n <br/>\n</p>\n\n \n  <img src='https://pic4.zhimg.com/50/v2-b6672b31d82bd6a0673845c6ae53e8c2_hd.jpg' width='640'>\n \n \n\n\n \n  <img src='https://pic3.zhimg.com/50/v2-69ce5c8f93eb5cc8a2e9383afdddf5fc_hd.jpg' width='640'>\n \n \n\n\n \n  <img src='https://pic1.zhimg.com/50/v2-2e8a1441e8b7db1d192c185b415be292_hd.jpg' width='640'>\n \n \n\n\n \n  <img src='https://pic1.zhimg.com/50/v2-9aa445eb175758d927c962f8ff4b466a_hd.jpg' width='640'>\n \n \n\n\n \n  <img src='https://pic3.zhimg.com/50/v2-ff04c3a2e8296cd34225734de7007618_hd.jpg' width='640'>\n \n \n\n\n \n  <img src='https://pic1.zhimg.com/50/v2-b8ef67d8ebde367ee6b2016b9fee68a8_hd.jpg' width='640'>\n \n \n\n\n \n  <img src='https://pic2.zhimg.com/50/v2-23e940216635ac5ed57070316e7528ea_hd.jpg' width='640'>\n \n \n\n<hr/>\n<p>\n 复联4最近有点火\n</p>\n\n \n  <img src='https://pic4.zhimg.com/50/v2-3d7c34f0ce2b03e8707fac037950fd17_hd.jpg' width='640'>\n \n \n\n\n \n  <img src='https://pic3.zhimg.com/50/v2-4c8ecf79bf0b633e9a918a4f31e87efa_hd.jpg' width='640'>\n \n \n\n\n \n  <img src='https://pic4.zhimg.com/50/v2-935b36f59b44bdf3b4755b895e30bc9b_hd.jpg' width='640'>\n \n \n\n\n \n  <img src='https://pic1.zhimg.com/50/v2-dda0d740210b4d1d33f056ad5084b66d_hd.jpg' width='640'>\n \n \n\n\n \n  <img src='https://pic4.zhimg.com/50/v2-860a6bd8ee6d3389f0cd74765b911885_hd.jpg' width='640'>\n \n \n\n\n \n  <img src='https://pic1.zhimg.com/50/v2-ca04cfa6239345017c7123ff8c504a96_hd.jpg' width='640'>\n \n \n\n\n \n  <img src='https://pic1.zhimg.com/50/v2-279fcdad279a967a766864e7857f90e6_hd.jpg' width='640'>\n \n \n\n<p class='ztext-empty-paragraph'>\n <br/>\n</p>\n<p class='ztext-empty-paragraph'>\n <br/>\n</p>\n<hr/>\n<p class='ztext-empty-paragraph'>\n <br/>\n</p>\n\n \n  <img src='https://pic2.zhimg.com/50/v2-feab3d67724d8b2f3151fdf653482010_hd.jpg' width='640'>\n \n \n\n\n \n  <img src='https://pic1.zhimg.com/50/v2-843713f9e5e9c99eb06ea1714ec70bcb_hd.jpg' width='640'>\n \n \n\n\n \n  <img src='https://pic3.zhimg.com/50/v2-31bb4573bc437da1f208d9eebfe37d14_hd.jpg' width='640'>\n \n \n\n\n \n  <img src='https://pic3.zhimg.com/50/v2-5f2218ad7dc80a96e6981afc0b4253c1_hd.jpg' width='640'>\n \n \n\n\n \n  <img src='https://pic3.zhimg.com/50/v2-510e9b2ebbfa8c1b32bcdbcc82de1cda_hd.jpg' width='640'>\n \n \n\n\n \n  <img src='https://pic3.zhimg.com/50/v2-3395a1b2804c8ab6373b94bd7e2e353d_hd.jpg' width='640'>\n \n \n\n\n \n  <img src='https://pic3.zhimg.com/50/v2-3ed2e00b8fb90c32ef8e67b8711d193e_hd.jpg' width='640'>\n \n \n\n\n \n  <img src='https://pic2.zhimg.com/50/v2-b18a62d6126d1ae9a156fe0d405e9092_hd.jpg' width='640'>\n \n \n\n\n \n  <img src='https://pic2.zhimg.com/50/v2-1f365dc1d904bc26c94f08783079ee80_hd.jpg' width='640'>\n \n \n\n<p class='ztext-empty-paragraph'>\n <br/>\n</p>\n<p class='ztext-empty-paragraph'>\n <br/>\n</p>\n<p class='ztext-empty-paragraph'>\n <br/>\n</p>\n<hr/>\n<p class='ztext-empty-paragraph'>\n <br/>\n</p>\n\n \n  <img src='https://pic4.zhimg.com/50/v2-ce999c59f4e017a240b48b7cca1acb39_hd.jpg' width='640'>\n \n \n\n\n \n  <img src='https://pic1.zhimg.com/50/v2-9a5670f33ad9b2c8b5ba8553be922de8_hd.jpg' width='640'>\n \n \n\n\n \n  <img src='https://pic3.zhimg.com/50/v2-e6319c653c04c3dc47f05ef2a3e8e9b7_hd.jpg' width='640'>\n \n \n\n\n \n  <img src='https://pic4.zhimg.com/50/v2-437eb358286bdb210d59ac1ca4bad32f_hd.jpg' width='640'>\n \n \n\n\n \n  <img src='https://pic3.zhimg.com/50/v2-c7591e276ff341a84a56e68736d29553_hd.jpg' width='640'>\n \n \n\n\n \n  <img src='https://pic2.zhimg.com/50/v2-447a2105239d73f914a7c3ce1512530a_hd.jpg' width='640'>\n \n \n\n\n \n  <img src='https://pic2.zhimg.com/50/v2-8c2782f3882f301e462bb6be2e90d3e9_hd.jpg' width='640'>\n \n \n\n\n \n  <img src='https://pic3.zhimg.com/50/v2-6306e62844b5946134de480dfcab3f08_hd.jpg' width='640'>\n \n \n\n\n \n  <img src='https://pic2.zhimg.com/50/v2-fb4c02da113cf24e6132e919a8424c88_hd.jpg' width='640'>\n \n \n\n\n \n  <img src='https://pic2.zhimg.com/50/v2-8b9245092b081e6f54813affef34031b_hd.jpg' width='640'>\n \n \n\n\n \n  <img src='https://pic4.zhimg.com/50/v2-8e0c75192f8d93ec10aa609229ea45ce_hd.jpg' width='640'>\n \n \n\n\n \n  <img src='https://pic4.zhimg.com/50/v2-c2a7d0719be6389d6978ae54eb44c167_hd.jpg' width='640'>\n \n \n\n\n \n  <img src='https://pic3.zhimg.com/50/v2-6b1a89115f2c8de0ae570c6f7122741e_hd.jpg' width='640'>\n \n \n\n\n \n  <img src='https://pic3.zhimg.com/50/v2-df837faa78a8f258febf57ba2482ff04_hd.jpg' width='640'>\n \n \n\n<hr/>\n<p class='ztext-empty-paragraph'>\n <br/>\n</p>\n\n \n  <img src='https://pic3.zhimg.com/50/v2-a61a52a2ec8776002f7daa3992a9fd96_hd.jpg' width='640'>\n \n \n\n\n \n  <img src='https://pic3.zhimg.com/50/v2-500644225819df522884fdf18f2c0bf1_hd.jpg' width='640'>\n \n \n\n\n \n  <img src='https://pic3.zhimg.com/50/v2-128d98ee377d8614fbab28f46688661e_hd.jpg' width='640'>\n \n \n\n\n \n  <img src='https://pic1.zhimg.com/50/v2-6388e43651a9295c542946799df80eae_hd.jpg' width='640'>\n \n \n\n\n \n  <img src='https://pic2.zhimg.com/50/v2-fcbf52ffbb2f80970824268fab5c6286_hd.jpg' width='640'>\n \n \n\n\n \n  <img src='https://pic4.zhimg.com/50/v2-3bb8c92bc5d9e64a78e94bb044154c92_hd.jpg' width='640'>\n \n \n\n\n \n  <img src='https://pic1.zhimg.com/50/v2-33b3183c739e54d7723b8bd8e6591991_hd.jpg' width='640'>\n \n \n\n<p class='ztext-empty-paragraph'>\n <br/>\n</p>\n<p class='ztext-empty-paragraph'>\n <br/>\n</p>\n<hr/>\n<a class='internal' data-draft-node='block' data-draft-type='link-card' data-image='https://pic3.zhimg.com/v2-8d94a1d2c9137c40ef71f618b74e3ba2_180x120.jpg' data-image-height='560' data-image-width='750' href='https://zhuanlan.zhihu.com/p/65750658'>\n Orange欧伶猪：为何总笑成了沙雕？\n</a>\n<p>\n 鉴于此条回答太长了，更新了影响我的小可爱们观看，我另写了一篇。\n</p>\n<p>\n 快来快来快活一下\n</p>\n<hr/>\n<p class='ztext-empty-paragraph'>\n <br/>\n</p>\n\n \n  <img src='https://pic3.zhimg.com/50/v2-f9aa7aac6b9273e48886eab8b3925693_hd.jpg' width='640'>\n \n \n\n\n \n  <img src='https://pic2.zhimg.com/50/v2-16a3f23fe4ff1cad93d55fae08d8e25d_hd.jpg' width='640'>\n \n \n\n\n \n  <img src='https://pic1.zhimg.com/50/v2-e147e96988c6974eb817718e5a413c0c_hd.jpg' width='640'>\n \n \n\n\n \n  <img src='https://pic2.zhimg.com/50/v2-0098e8541a419cd87cbefb0fcb9634d0_hd.jpg' width='640'>\n \n \n\n\n \n  <img src='https://pic4.zhimg.com/50/v2-72960c87102d1c411a20a18c285e9dff_hd.jpg' width='640'>\n \n \n\n\n \n  <img src='https://pic3.zhimg.com/50/v2-818c1d9909f0cbe6014fb9cd7546850d_hd.jpg' width='640'>\n \n \n\n\n \n  <img src='https://pic4.zhimg.com/50/v2-a39749437a6c2ad4285e0eef0c5f81aa_hd.jpg' width='640'>\n \n \n\n<p>\n 驾校教练系列：\n</p>\n\n \n  <img src='https://pic3.zhimg.com/50/v2-e9842c5eac91854abf6906e5e6aa68b4_hd.jpg' width='640'>\n \n \n\n\n \n  <img src='https://pic2.zhimg.com/50/v2-073c116ed234391b4a2724992bebc457_hd.jpg' width='640'>\n \n \n\n\n \n  <img src='https://pic1.zhimg.com/50/v2-fefcb5bdb84535d67be2846aed04b5ea_hd.jpg' width='640'>\n \n \n\n\n \n  <img src='https://pic2.zhimg.com/50/v2-96d2640cef72a30ca55e8dce3dc6f132_hd.jpg' width='640'>\n \n \n\n\n \n  <img src='https://pic1.zhimg.com/50/v2-3031ff839ee81e74e0dc33ccfbf697db_hd.jpg' width='640'>\n \n \n\n\n \n  <img src='https://pic1.zhimg.com/50/v2-d375db4433439bdf8837a1a6a7b36711_hd.jpg' width='640'>\n \n \n\n\n \n  <img src='https://pic3.zhimg.com/50/v2-81e28fc5d235e84dbbd6d9497fba635a_hd.jpg' width='640'>\n \n \n\n<hr/>\n<p class='ztext-empty-paragraph'>\n <br/>\n</p>\n\n \n  <img src='https://pic3.zhimg.com/50/v2-3ea891cabcc38e82cb4f95e28bb08b67_hd.jpg' width='640'>\n \n \n\n\n \n  <img src='https://pic1.zhimg.com/50/v2-d9c2e133d76220e07887ef10a89000ca_hd.jpg' width='640'>\n \n \n\n\n \n  <img src='https://pic3.zhimg.com/50/v2-2661db349e50ecb0f7bbffe2aeb2a017_hd.jpg' width='640'>\n \n \n\n\n \n  <img src='https://pic4.zhimg.com/50/v2-1f4ca5e3a6a20de0a2af113898d83077_hd.jpg' width='640'>\n \n \n\n\n \n  <img src='https://pic1.zhimg.com/50/v2-503ea10322e274f7421e06f6da780030_hd.jpg' width='640'>\n \n \n\n\n \n  <img src='https://pic4.zhimg.com/50/v2-6937a17e832bc2ac37fb37b21f4bbaa4_hd.jpg' width='640'>\n \n \n\n\n \n  <img src='https://pic3.zhimg.com/50/v2-1eb66aa7db5d283c411a88f4d7057f35_hd.jpg' width='640'>\n \n \n",
                    "answerLength": 253,
                    "answerExtraction": " 不由自主地做了一下那个动作哈哈哈哈哈哈 据说是真的哈哈哈哈哈哈 评论鬼才哈哈哈哈哈哈 我被生命勒到了脖子，把双下巴都勒出来那种。 笑到无法呼吸哈哈哈哈哈哈哈哈哈哈 再补充一下哈哈哈哈哈哈哈脑袋有坑哈哈哈哈 （也是在知乎看到的图，据说出处是“负波普学会”的微博~） 再再补充哈哈哈哈沙雕欢乐多哈哈哈哈哈哈 （以上图片来自",
                    "keyWord": [
                        "沙雕",
                        "笑话",
                        "驾校",
                        "双下巴",
                        "负波"
                    ],
                    "commentNumber": 1248
                },
                {
                    "answerId": 6,
                    "userNickname": "青葱年少",
                    "userDescription": "公众号“书架之家”",
                    "userImageUrl": "https://pic1.zhimg.com/v2-b05e71e9c262d6cc60f2bc9bbc334030_is.jpg",
                    "answerStar": 7067,
                    "answerDescription": "<p>\n 我有！！！\n</p>\n<p>\n 我经常保存一些段子和好玩的图片，每当自己心情不好的时候就会拿出来看看，真的超级治愈哦！\n</p>\n<p>\n 其他答主已经说的很全面了，我就多发几张让人心情愉悦的沙雕图叭！\n</p>\n<p>\n 调皮的水龙头\n</p>\n\n \n  <img src='https://pic3.zhimg.com/50/v2-fb54d99a9393bb592a8f6854ad787e5e_hd.gif' width='640'>\n \n \n\n<p class='ztext-empty-paragraph'>\n <br/>\n</p>\n\n \n  <img src='https://pic4.zhimg.com/50/v2-dd7ceb1599999ff774443627b70115dd_hd.jpg' width='640'>\n \n \n\n<p class='ztext-empty-paragraph'>\n <br/>\n</p>\n\n \n  <img src='https://pic1.zhimg.com/50/v2-49b5b46e47dcba0751040223ad002c60_hd.jpg' width='640'>\n \n \n\n<p class='ztext-empty-paragraph'>\n <br/>\n</p>\n<p>\n 单身狗配不配拥有情侣网名呢\n</p>\n\n \n  <img src='https://pic3.zhimg.com/50/v2-5f4d0854204911eb7807b2f47f4f6bca_hd.gif' width='640'>\n \n \n\n<p class='ztext-empty-paragraph'>\n <br/>\n</p>\n\n \n  <img src='https://pic4.zhimg.com/50/v2-fa490d4e075edd98e1b892a4b6984162_hd.gif' width='640'>\n \n \n\n<p class='ztext-empty-paragraph'>\n <br/>\n</p>\n\n \n  <img src='https://pic1.zhimg.com/50/v2-9dc9536252e77351a607eb7857928c16_hd.gif' width='640'>\n \n \n\n<p class='ztext-empty-paragraph'>\n <br/>\n</p>\n\n \n  <img src='https://pic2.zhimg.com/50/v2-9c28faf8177b62c1e0825be6f45eff34_hd.jpg' width='640'>\n \n \n\n<p>\n 心疼后面的小伙汁\n</p>\n\n \n  <img src='https://pic1.zhimg.com/50/v2-3fc7d01c6b5da60278830f4e6e0cfb4d_hd.gif' width='640'>\n \n \n\n<p>\n 这只鸡会飞！！\n</p>\n\n \n  <img src='https://pic1.zhimg.com/50/v2-37f65ed58421ae556bf7fb598b2a1229_hd.gif' width='640'>\n \n \n\n<p>\n 狮子：胆小鬼。\n</p>\n\n \n  <img src='https://pic3.zhimg.com/50/v2-bce2f5f79b65aaa37fedba850f21e64b_hd.gif' width='640'>\n \n \n\n<p class='ztext-empty-paragraph'>\n <br/>\n</p>\n\n \n  <img src='https://pic2.zhimg.com/50/v2-a6a54495e025371551eb774726cd6194_hd.jpg' width='640'>\n \n \n\n<p class='ztext-empty-paragraph'>\n <br/>\n</p>\n\n \n  <img src='https://pic4.zhimg.com/50/v2-e12de42f3a22627134c9a2c32a585750_hd.jpg' width='640'>\n \n \n\n<p class='ztext-empty-paragraph'>\n <br/>\n</p>\n\n \n  <img src='https://pic2.zhimg.com/50/v2-44072ac7c995d4bdefc558332280a7f7_hd.jpg' width='640'>\n \n \n\n<p class='ztext-empty-paragraph'>\n <br/>\n</p>\n\n \n  <img src='https://pic3.zhimg.com/50/v2-68cff695b8f2e515cd7bd75c53eb088d_hd.jpg' width='640'>\n \n \n\n<p class='ztext-empty-paragraph'>\n <br/>\n</p>\n\n \n  <img src='https://pic4.zhimg.com/50/v2-aa3ced355fca1de252ead3363f606028_hd.gif' width='640'>\n \n \n\n<p class='ztext-empty-paragraph'>\n <br/>\n</p>\n\n \n  <img src='https://pic4.zhimg.com/50/v2-f5ea23c933d822b943d70c066e55014c_hd.jpg' width='640'>\n \n \n\n<p>\n <b>\n  再来几个段子！\n </b>\n</p>\n\n \n  <img src='https://pic2.zhimg.com/50/v2-142a7a3a50f12329add7b33494c613c9_hd.jpg' width='640'>\n \n \n\n<p class='ztext-empty-paragraph'>\n <br/>\n</p>\n\n \n  <img src='https://pic1.zhimg.com/50/v2-3fa33296ecc2e0ce18855db512b69055_hd.jpg' width='640'>\n \n \n\n<p class='ztext-empty-paragraph'>\n <br/>\n</p>\n\n \n  <img src='https://pic1.zhimg.com/50/v2-f4f97285afdd36b7e8250a76e10a9490_hd.jpg' width='640'>\n \n \n\n<p class='ztext-empty-paragraph'>\n <br/>\n</p>\n\n \n  <img src='https://pic1.zhimg.com/50/v2-a98a80dc2c303e1cd8b9fcd10bdb19cf_hd.jpg' width='640'>\n \n \n\n<p class='ztext-empty-paragraph'>\n <br/>\n</p>\n\n \n  <img src='https://pic3.zhimg.com/50/v2-f6cedbf4cdc2a64cbcffe17a558caf5f_hd.gif' width='640'>\n \n \n\n<p class='ztext-empty-paragraph'>\n <br/>\n</p>\n\n \n  <img src='https://pic3.zhimg.com/50/v2-c6a1886882c1cdafff7cc26d96f4df7b_hd.jpg' width='640'>\n \n \n\n<p class='ztext-empty-paragraph'>\n <br/>\n</p>\n\n \n  <img src='https://pic2.zhimg.com/50/v2-96bedb9b6ab69fee2018d99053c29986_hd.jpg' width='640'>\n \n \n\n<p class='ztext-empty-paragraph'>\n <br/>\n</p>\n\n \n  <img src='https://pic3.zhimg.com/50/v2-39c66f8d7b28cc2c7ce830325f758fa8_hd.gif' width='640'>\n \n \n\n<p class='ztext-empty-paragraph'>\n <br/>\n</p>\n\n \n  <img src='https://pic3.zhimg.com/50/v2-0191362601f16961851d40afba674c68_hd.jpg' width='640'>\n \n \n\n<p class='ztext-empty-paragraph'>\n <br/>\n</p>\n\n \n  <img src='https://pic1.zhimg.com/50/v2-514732f49c317fc9b6262270ee24912b_hd.jpg' width='640'>\n \n \n\n<p class='ztext-empty-paragraph'>\n <br/>\n</p>\n\n \n  <img src='https://pic1.zhimg.com/50/v2-735e0b4c71c0cf9252f0b409509640f3_hd.jpg' width='640'>\n \n \n\n<p class='ztext-empty-paragraph'>\n <br/>\n</p>\n\n \n  <img src='https://pic2.zhimg.com/50/v2-c81c41b89a83485ee95b2ad5c4fcbf90_hd.jpg' width='640'>\n \n \n\n<p class='ztext-empty-paragraph'>\n <br/>\n</p>\n\n \n  <img src='https://pic2.zhimg.com/50/v2-31f478f589d5b4e140a637ca872cf16a_hd.gif' width='640'>\n \n \n\n<p>\n 哈哈哈哈哈哈\n</p>\n\n \n  <img src='https://pic1.zhimg.com/50/v2-ccccf7454ba2d063c224e4d0697dd6d0_hd.jpg' width='640'>\n \n \n\n<p class='ztext-empty-paragraph'>\n <br/>\n</p>\n\n \n  <img src='https://pic1.zhimg.com/50/v2-e50725bf8589a56d8716efb884e2ed5f_hd.jpg' width='640'>\n \n \n\n<p>\n <b>\n  是不是很骚？\n </b>\n</p>\n<p>\n <b>\n  这不仅穿着品如的衣服了\n </b>\n</p>\n<p>\n <b>\n  还扛着品如的衣柜！\n </b>\n</p>\n\n \n  <img src='https://pic4.zhimg.com/50/v2-0a99af0b7e70d0208d66b1947d9b2dc1_hd.jpg' width='640'>\n \n \n\n<p>\n 哈哈哈哈哈哈哈......\n</p>\n<p>\n <b>\n  如果你喜欢，点个收藏点个赞叭。\n </b>\n</p>\n<p>\n <b>\n  祝所有的小可爱们笑口常开、无忧无虑！\n </b>\n</p>",
                    "answerLength": 205,
                    "answerExtraction": " 我有！！！ 我经常保存一些段子和好玩的图片，每当自己心情不好的时候就会拿出来看看，真的超级治愈哦！ 其他答主已经说的很全面了，我就多发几张让人心情愉悦的沙雕图叭！ 调皮的水龙头 单身狗配不配拥有情侣网名呢 心疼后面的小伙汁 这只鸡会飞！！ 狮子：胆小鬼。 再来几个段子！ 哈哈哈哈哈哈 是不是很骚？ 这不仅穿着品如的衣",
                    "keyWord": [
                        "段子",
                        "笑口常开",
                        "心情",
                        "沙雕",
                        "图叭"
                    ],
                    "commentNumber": 136
                },
                {
                    "answerId": 7,
                    "userNickname": "夜雪",
                    "userDescription": "我本是卧龙岗扯淡的人",
                    "userImageUrl": "https://pic3.zhimg.com/5961a42160b032f7bbf6ddeb01f7607f_is.jpg",
                    "answerStar": 5306,
                    "answerDescription": "<p>\n</p>\n\n \n  <img src='https://pic4.zhimg.com/50/v2-3cfbf91714ae20f5be1681d53ae08b58_hd.jpg' width='640'>\n \n \n <figcaption>\n  图文无关，侵删。\n </figcaption>\n\n<p>\n 在公园，突然听见前面有个美女一直在喊：“宝贝，你在哪？快出来啊，小宝贝，快出来！”\n</p>\n<p>\n 喊的那叫一个心酸，那叫一个柔肠百转，这时突然从草丛里钻出一只小狗。\n</p>\n<p>\n 美女上前就把小狗抱起来对着狗嘴一顿猛亲……\n</p>\n<p>\n 突然给狗一个嘴巴子：“你他妈的是不是又吃屎了？”\n</p>\n<a class='internal' data-draft-node='block' data-draft-type='link-card' data-image='https://pic3.zhimg.com/v2-45348a7031705d7fb6722bb6cdb96ada_bh.jpg' data-image-height='270' data-image-width='263' href='https://www.zhihu.com/question/320912326/answer/717730896'>\n 为什么同样是骂中国人，鲁迅就可以被大众接受呢？\n</a>\n<p class='ztext-empty-paragraph'>\n <br/>\n</p>\n<a class='internal' data-draft-node='block' data-draft-type='link-card' href='https://www.zhihu.com/question/49167176/answer/714754138'>\n 你最讨厌的电视节目是哪个（哪几个）？可以谈谈个人的看法。\n</a>\n<p class='ztext-empty-paragraph'>\n <br/>\n</p>\n<a class='internal' data-draft-node='block' data-draft-type='link-card' data-image='https://pic1.zhimg.com/v2-5b82649033dd947b2725f9f25b1f54dc_bh.jpg' data-image-height='358' data-image-width='640' href='https://www.zhihu.com/question/324943215/answer/713771904'>\n 什么名能拯救梅这个姓？\n</a>\n<p class='ztext-empty-paragraph'>\n <br/>\n</p>\n<a class='internal' data-draft-node='block' data-draft-type='link-card' data-image='https://pic4.zhimg.com/v2-bc3a888896937ccf624716d58bb8647b_bh.jpg' data-image-height='146' data-image-width='157' href='https://www.zhihu.com/question/57923905/answer/711220498'>\n 那些死过人的宿舍后来都怎么处理了？\n</a>\n<p class='ztext-empty-paragraph'>\n <br/>\n</p>\n<a class='internal' data-draft-node='block' data-draft-type='link-card' data-image='https://pic4.zhimg.com/v2-7fe9ef2bda06808bfdf7c12ad0e10dff_bh.jpg' data-image-height='270' data-image-width='480' href='https://www.zhihu.com/question/310308485/answer/708459866'>\n 有哪些让你每次都狂笑不止的视频？\n</a>\n<p class='ztext-empty-paragraph'>\n <br/>\n</p>\n<a class='internal' data-draft-node='block' data-draft-type='link-card' href='https://www.zhihu.com/question/30956721/answer/669116154'>\n 为什么曹操进入宛城，问“此间有妓女乎？”\n</a>\n<p class='ztext-empty-paragraph'>\n <br/>\n</p>\n<a class='internal' data-draft-node='block' data-draft-type='link-card' data-image='https://pic3.zhimg.com/v2-9db588a5e7327cd8e02b07f85140b672_bh.jpg' data-image-height='250' data-image-width='333' href='https://www.zhihu.com/question/36130614/answer/708064996'>\n 如何看待虐杀老鼠的人？\n</a>\n<p class='ztext-empty-paragraph'>\n <br/>\n</p>\n<a class='internal' data-draft-node='block' data-draft-type='link-card' href='https://www.zhihu.com/question/317295200/answer/706962837'>\n 有什么泡面的神仙吃法？\n</a>\n<p>\n</p>",
                    "answerLength": 264,
                    "answerExtraction": " 图文无关，侵删。 在公园，突然听见前面有个美女一直在喊：“宝贝，你在哪？快出来啊，小宝贝，快出来！” 喊的那叫一个心酸，那叫一个柔肠百转，这时突然从草丛里钻出一只小狗。 美女上前就把小狗抱起来对着狗嘴一顿猛亲…… 突然给狗一个嘴巴子：“你他妈的是不是又吃屎了？” 为什么同样是骂中国人，鲁迅就可以被大众接受呢？ 你最讨",
                    "keyWord": [
                        "小狗",
                        "美女",
                        "泡面",
                        "小宝贝",
                        "猛亲"
                    ],
                    "commentNumber": 99
                },
                {
                    "answerId": 8,
                    "userNickname": "金鱼与木鱼",
                    "userDescription": "孤独感染者",
                    "userImageUrl": "https://pic4.zhimg.com/da8e974dc_is.jpg",
                    "answerStar": 1558,
                    "answerDescription": "<p>\n</p>\n\n \n  <img src='https://pic2.zhimg.com/50/v2-8ba880f8fc6c0f969065b596000e4b0c_hd.jpg' width='640'>\n \n \n\n<p>\n</p>",
                    "answerLength": 0,
                    "answerExtraction": " ",
                    "keyWord": [],
                    "commentNumber": 79
                },
                {
                    "answerId": 9,
                    "userNickname": "芥子纳须弥",
                    "userDescription": "热爱生活",
                    "userImageUrl": "https://pic3.zhimg.com/v2-ae7ac2693c90a83865b24363269c98da_is.jpg",
                    "answerStar": 12395,
                    "answerDescription": "<p>\n</p>\n\n \n  <img src='https://pic1.zhimg.com/50/v2-1d9a21c39e99fc09ca5a4ef233c7a85e_hd.jpg' width='640'>\n \n \n\n<p class='ztext-empty-paragraph'>\n <br/>\n</p>\n\n \n  <img src='https://pic4.zhimg.com/50/v2-5c5e55b84eebd3ce63810317fb8f890a_hd.gif' width='640'>\n \n \n\n<p class='ztext-empty-paragraph'>\n <br/>\n</p>\n<p class='ztext-empty-paragraph'>\n <br/>\n</p>\n\n \n  <img src='https://pic2.zhimg.com/50/v2-f964691c581a4e83a0b0708d99c745e6_hd.jpg' width='640'>\n \n \n\n<p class='ztext-empty-paragraph'>\n <br/>\n</p>\n\n \n  <img src='https://pic1.zhimg.com/50/v2-90bf58b373177ca9332c19fbb7b1aee9_hd.jpg' width='640'>\n \n \n\n<p class='ztext-empty-paragraph'>\n <br/>\n</p>\n<p class='ztext-empty-paragraph'>\n <br/>\n</p>\n\n \n  <img src='https://pic1.zhimg.com/50/v2-78543c2a5955945a02c96abd25e2f7d0_hd.jpg' width='640'>\n \n \n\n<p class='ztext-empty-paragraph'>\n <br/>\n</p>\n\n \n  <img src='https://pic4.zhimg.com/50/v2-481ac913eef908cf1c88115d831b2e80_hd.jpg' width='640'>\n \n \n\n<p class='ztext-empty-paragraph'>\n <br/>\n</p>\n\n \n  <img src='https://pic1.zhimg.com/50/v2-9f93baedb7307c77275893cb5aceb3bb_hd.jpg' width='640'>\n \n \n\n<p class='ztext-empty-paragraph'>\n <br/>\n</p>\n\n \n  <img src='https://pic3.zhimg.com/50/v2-62d4220540b27867aa2f05157364faa3_hd.jpg' width='640'>\n \n \n\n<p class='ztext-empty-paragraph'>\n <br/>\n</p>\n\n \n  <img src='https://pic3.zhimg.com/50/v2-9da17b2e3f46335df63843b0f8635f61_hd.jpg' width='640'>\n \n \n\n<p class='ztext-empty-paragraph'>\n <br/>\n</p>\n\n \n  <img src='https://pic1.zhimg.com/50/v2-a7f7a59c7e9841981e0a172ffa46ed0b_hd.jpg' width='640'>\n \n \n\n<p class='ztext-empty-paragraph'>\n <br/>\n</p>\n\n \n  <img src='https://pic3.zhimg.com/50/v2-22ebe9eabd532175d40e568493fb3d7b_hd.jpg' width='640'>\n \n \n\n<p class='ztext-empty-paragraph'>\n <br/>\n</p>\n\n \n  <img src='https://pic4.zhimg.com/50/v2-44dbf3f428d36205aff4b874d8b9b34f_hd.jpg' width='640'>\n \n \n\n<p class='ztext-empty-paragraph'>\n <br/>\n</p>\n\n \n  <img src='https://pic4.zhimg.com/50/v2-991f3ad031834e059d158e4605182387_hd.jpg' width='640'>\n \n \n\n<p class='ztext-empty-paragraph'>\n <br/>\n</p>\n\n \n  <img src='https://pic3.zhimg.com/50/v2-a4d2c696d9e5137587d9d5de1c5b9262_hd.jpg' width='640'>\n \n \n\n<p class='ztext-empty-paragraph'>\n <br/>\n</p>\n\n \n  <img src='https://pic3.zhimg.com/50/v2-5ee86d34b135fe29632424dfc68abb0a_hd.jpg' width='640'>\n \n \n\n<p class='ztext-empty-paragraph'>\n <br/>\n</p>\n\n \n  <img src='https://pic1.zhimg.com/50/v2-6d324aa8f80e9dd8e5765c371eab6cc7_hd.jpg' width='640'>\n \n \n\n<p class='ztext-empty-paragraph'>\n <br/>\n</p>\n\n \n  <img src='https://pic4.zhimg.com/50/v2-ba1e1163d114821031821b6c92f3b40a_hd.jpg' width='640'>\n \n \n\n<p class='ztext-empty-paragraph'>\n <br/>\n</p>\n\n \n  <img src='https://pic2.zhimg.com/50/v2-672565fbbb41cd7d399f3d0ea4053139_hd.jpg' width='640'>\n \n \n\n<p class='ztext-empty-paragraph'>\n <br/>\n</p>\n\n \n  <img src='https://pic1.zhimg.com/50/v2-6bea03cd3fbbe13291f8e44234861e8e_hd.jpg' width='640'>\n \n \n\n<p class='ztext-empty-paragraph'>\n <br/>\n</p>\n\n \n  <img src='https://pic3.zhimg.com/50/v2-35bda80890ea180172c33bef63fe2ed0_hd.jpg' width='640'>\n \n \n\n<p class='ztext-empty-paragraph'>\n <br/>\n</p>\n\n \n  <img src='https://pic3.zhimg.com/50/v2-b5349a82234aca9bd24564c785e8cb9d_hd.jpg' width='640'>\n \n \n\n<p class='ztext-empty-paragraph'>\n <br/>\n</p>\n\n \n  <img src='https://pic3.zhimg.com/50/v2-e38e4cc2621b9b6c5d4f7bad2f1b447c_hd.jpg' width='640'>\n \n \n\n<p class='ztext-empty-paragraph'>\n <br/>\n</p>\n\n \n  <img src='https://pic1.zhimg.com/50/v2-ce9c2eea263b80288ea56facf58f633c_hd.jpg' width='640'>\n \n \n\n<p class='ztext-empty-paragraph'>\n <br/>\n</p>\n\n \n  <img src='https://pic2.zhimg.com/50/v2-41fbd318fdf1eafe5a83ee2901b6ea9c_hd.jpg' width='640'>\n \n \n\n<p class='ztext-empty-paragraph'>\n <br/>\n</p>\n\n \n  <img src='https://pic3.zhimg.com/50/v2-00690f2ddaa5c9ec2575a85de28fc9ee_hd.jpg' width='640'>\n \n \n\n<p class='ztext-empty-paragraph'>\n <br/>\n</p>\n<p>\n 既然把大家逗乐了我就再更新一些吧～\n</p>\n<p class='ztext-empty-paragraph'>\n <br/>\n</p>\n\n \n  <img src='https://pic2.zhimg.com/50/v2-99dc4babb389f5aa110c6812bfe55586_hd.jpg' width='640'>\n \n \n\n<p class='ztext-empty-paragraph'>\n <br/>\n</p>\n\n \n  <img src='https://pic4.zhimg.com/50/v2-d6b0f25206fe0c1984e59acbff07059c_hd.jpg' width='640'>\n \n \n\n<p class='ztext-empty-paragraph'>\n <br/>\n</p>\n\n \n  <img src='https://pic2.zhimg.com/50/v2-acbd7e9b8626a31dc54f3eb4b3669b9c_hd.jpg' width='640'>\n \n \n\n<p class='ztext-empty-paragraph'>\n <br/>\n</p>\n\n \n  <img src='https://pic1.zhimg.com/50/v2-b82ef475bb24ee569724621210f7dad2_hd.jpg' width='640'>\n \n \n\n<p class='ztext-empty-paragraph'>\n <br/>\n</p>\n\n \n  <img src='https://pic4.zhimg.com/50/v2-9230462475bf117f219717bf9185781c_hd.jpg' width='640'>\n \n \n\n<p class='ztext-empty-paragraph'>\n <br/>\n</p>\n\n \n  <img src='https://pic3.zhimg.com/50/v2-6119ba8fb654230922206a2902d4cbe5_hd.jpg' width='640'>\n \n \n\n<p class='ztext-empty-paragraph'>\n <br/>\n</p>\n\n \n  <img src='https://pic4.zhimg.com/50/v2-560c7a90e65a04a1b59008602139b90d_hd.jpg' width='640'>\n \n \n\n<p class='ztext-empty-paragraph'>\n <br/>\n</p>\n\n \n  <img src='https://pic1.zhimg.com/50/v2-be024d00e2f91d0837b2327464075478_hd.jpg' width='640'>\n \n \n\n<p class='ztext-empty-paragraph'>\n <br/>\n</p>\n\n \n  <img src='https://pic3.zhimg.com/50/v2-7cdcd8bf68f75e5ed7868eba16252c8e_hd.jpg' width='640'>\n \n \n\n<p class='ztext-empty-paragraph'>\n <br/>\n</p>\n\n \n  <img src='https://pic1.zhimg.com/50/v2-cc04591171af3d7423393f1da36e7196_hd.jpg' width='640'>\n \n \n\n<p class='ztext-empty-paragraph'>\n <br/>\n</p>\n\n \n  <img src='https://pic2.zhimg.com/50/v2-a2e7cd20f366bc6d538b534743a7238e_hd.jpg' width='640'>\n \n \n\n<p>\n 笑了就给个赞呗～\n</p>",
                    "answerLength": 25,
                    "answerExtraction": " 既然把大家逗乐了我就再更新一些吧～ 笑了就给个赞呗～ ",
                    "keyWord": [
                        "大家"
                    ],
                    "commentNumber": 205
                },
                {
                    "answerId": 10,
                    "userNickname": "李三三",
                    "userDescription": "执着于理则锋芒毕露，沉湎于情则随波逐流，强执己见又自缚一隅。",
                    "userImageUrl": "https://pic3.zhimg.com/v2-3a28c82d1a763288ab4a3012597edb5d_is.jpg",
                    "answerStar": 1476,
                    "answerDescription": "<p>\n</p>\n\n \n  <img src='https://pic4.zhimg.com/50/v2-95b05a16cd397f4e45791b3f5baa4d1b_hd.gif' width='640'>\n \n \n\n<p class='ztext-empty-paragraph'>\n <br/>\n</p>\n\n \n  <img src='https://pic1.zhimg.com/50/v2-59a6f524ed6b1b37a6348229d396a653_hd.jpg' width='640'>\n \n \n\n<p class='ztext-empty-paragraph'>\n <br/>\n</p>\n\n \n  <img src='https://pic2.zhimg.com/50/v2-245a6844ed7a8e8aac0371e38e992590_hd.jpg' width='640'>\n \n \n\n<p>\n</p>",
                    "answerLength": 0,
                    "answerExtraction": " ",
                    "keyWord": [],
                    "commentNumber": 30
                },
                {
                    "answerId": 11,
                    "userNickname": "知乎用户",
                    "userDescription": "这个人很懒 啥也没留下",
                    "userImageUrl": "https://pic4.zhimg.com/da8e974dc_is.jpg",
                    "answerStar": 1403,
                    "answerDescription": "<p>\n 寝室老大是北方汉子，老二是南方人。\n</p>\n<p>\n 有一天，老大问老二：今天中午咱整点啥？\n</p>\n<p>\n 老二不懂，老大就解释：这整，就是吃的意思！\n</p>\n<p>\n …\n</p>\n<p>\n 吃完，两人去上厕所，一推门，这厕所里太肮脏了，老大脱口而出：这可咋整啊！\n</p>\n<p>\n 老二就吐了…\n</p>",
                    "answerLength": 100,
                    "answerExtraction": " 寝室老大是北方汉子，老二是南方人。 有一天，老大问老二：今天中午咱整点啥？ 老二不懂，老大就解释：这整，就是吃的意思！ … 吃完，两人去上厕所，一推门，这厕所里太肮脏了，老大脱口而出：这可咋整啊！ 老二就吐了… ",
                    "keyWord": [
                        "老二",
                        "厕所",
                        "里太",
                        "整点",
                        "南方人"
                    ],
                    "commentNumber": 33
                },
                {
                    "answerId": 12,
                    "userNickname": "klayar",
                    "userDescription": "这个人很懒 啥也没留下",
                    "userImageUrl": "https://pic1.zhimg.com/v2-1885a5c77d83ec2ed9d9ae48a3e963b0_is.jpg",
                    "answerStar": 2285,
                    "answerDescription": "<p>\n 自从用了拼兮兮，我每月3000的工资够花了，穿的是Mike，吃的是康帅傅，喝的是脉劫，手机用vivi，可乐喝白拿可乐，再来一瓶雷碧。洗衣服用蓝月壳洗衣液，瓜子吃治治香瓜子，功能饮料喝红午，牛奶喝大个核桃加营养抉线，饼干吃粤利粤，真香。\n</p>\n\n \n  <img src='https://pic3.zhimg.com/50/v2-dd7a5db00edb16cec4d243de9b472022_hd.jpg' width='640'>\n \n \n\n<p>\n</p>",
                    "answerLength": 117,
                    "answerExtraction": " 自从用了拼兮兮，我每月3000的工资够花了，穿的是Mike，吃的是康帅傅，喝的是脉劫，手机用vivi，可乐喝白拿可乐，再来一瓶雷碧。洗衣服用蓝月壳洗衣液，瓜子吃治治香瓜子，功能饮料喝红午，牛奶喝大个核桃加营养抉线，饼干吃粤利粤，真香。 ",
                    "keyWord": [
                        "瓜子",
                        "康帅傅",
                        "雷碧",
                        "红午",
                        "抉线"
                    ],
                    "commentNumber": 112
                },
                {
                    "answerId": 13,
                    "userNickname": "包子",
                    "userDescription": "好想操死我自己",
                    "userImageUrl": "https://pic3.zhimg.com/v2-c5c611d846ed72252721e3e088cfb6c0_is.jpg",
                    "answerStar": 4164,
                    "answerDescription": "<ol>\n <li>\n  现在的女孩子也太主动了吧，才认识几天就要见家长，我刚刚问一个女生去不去看电影，她说看你妈\n </li>\n <li>\n  有一天螃蟹出门 不小心撞倒了泥鳅 泥鳅很生气地说：“你是不是瞎啊！” 螃蟹说：“不是啊，我是螃蟹”\n </li>\n <li>\n  有一天，我室友去上厕所，刚蹲下，发现手上有好多灰尘，然后她就吹了吹。出来的时候，旁边的人就问她:“你是觉得屎烫嘴吗？”\n </li>\n</ol>\n<p>\n 补几张图图片（来源于微博分享）\n</p>\n\n \n  <img src='https://pic4.zhimg.com/50/v2-3156c0863ff3572028ec563726ab79b6_hd.jpg' width='640'>\n \n \n\n\n \n  <img src='https://pic3.zhimg.com/50/v2-291f68d8dc95fa8abbed8785fc7e90cc_hd.jpg' width='640'>\n \n \n\n\n \n  <img src='https://pic2.zhimg.com/50/v2-654149f31d6e801d50c73914e4c93413_hd.jpg' width='640'>\n \n \n\n\n \n  <img src='https://pic1.zhimg.com/50/v2-2c980093d50b835d26ddcdd3af9925b4_hd.jpg' width='640'>\n \n \n\n\n \n  <img src='https://pic1.zhimg.com/50/v2-bd1ab7df330204cddcfeef3320bdf5be_hd.jpg' width='640'>\n \n \n\n\n \n  <img src='https://pic3.zhimg.com/50/v2-d19981398aea055228215ba9a12861ff_hd.jpg' width='640'>\n \n \n\n\n \n  <img src='https://pic4.zhimg.com/50/v2-39477deedce4e72a192219ff661aa807_hd.jpg' width='640'>\n \n \n\n\n \n  <img src='https://pic3.zhimg.com/50/v2-95bbed70633a5f7077a0f89f8dc22aa3_hd.jpg' width='640'>\n \n \n\n\n \n  <img src='https://pic2.zhimg.com/50/v2-96ebbb5920d2c2f93cc14289505ecd6b_hd.jpg' width='640'>\n \n \n\n\n \n  <img src='https://pic4.zhimg.com/50/v2-43f41f49ecd6a6dffad11aff05011c6a_hd.jpg' width='640'>\n \n \n\n\n \n  <img src='https://pic2.zhimg.com/50/v2-dac32f05ac0d3b30ef615b7808d48dc9_hd.jpg' width='640'>\n \n \n\n\n \n  <img src='https://pic3.zhimg.com/50/v2-70eac382cbc0d76ad231cccddaef6e17_hd.jpg' width='640'>\n \n \n\n\n \n  <img src='https://pic4.zhimg.com/50/v2-e2e18d588d28b47476866adf30063118_hd.jpg' width='640'>\n \n \n\n\n \n  <img src='https://pic4.zhimg.com/50/v2-adc8536e295b1eab7e1c4fab0b80004b_hd.jpg' width='640'>\n \n \n\n\n \n  <img src='https://pic2.zhimg.com/50/v2-98fbabb007d991e1f4aabc7beb5cd754_hd.jpg' width='640'>\n \n \n\n<p>\n</p>",
                    "answerLength": 164,
                    "answerExtraction": " 现在的女孩子也太主动了吧，才认识几天就要见家长，我刚刚问一个女生去不去看电影，她说看你妈 有一天螃蟹出门 不小心撞倒了泥鳅 泥鳅很生气地说：“你是不是瞎啊！” 螃蟹说：“不是啊，我是螃蟹” 有一天，我室友去上厕所，刚蹲下，发现手上有好多灰尘，然后她就吹了吹。出来的时候，旁边的人就问她:“你是觉得屎烫嘴吗？” 补几张图",
                    "keyWord": [
                        "螃蟹",
                        "泥鳅",
                        "去上",
                        "室友",
                        "去不去"
                    ],
                    "commentNumber": 93
                },
                {
                    "answerId": 14,
                    "userNickname": "巨人卿笑",
                    "userDescription": "这个人很懒 啥也没留下",
                    "userImageUrl": "https://pic2.zhimg.com/v2-4f2cb9ac49ac69baceb815912f3fa842_is.jpg",
                    "answerStar": 1721,
                    "answerDescription": "<p>\n 当你突然放了一个屁的时候    你就跟身边的人说  是不是有什么东西烤糊了  这样他们就会把你的屁吸光\n</p>",
                    "answerLength": 43,
                    "answerExtraction": " 当你突然放了一个屁的时候 你就跟身边的人说 是不是有什么东西烤糊了 这样他们就会把你的屁吸光 ",
                    "keyWord": [
                        "吸光",
                        "东西",
                        "时候"
                    ],
                    "commentNumber": 79
                },
                {
                    "answerId": 15,
                    "userNickname": "薛动谔的喵",
                    "userDescription": "生命以负熵为食",
                    "userImageUrl": "https://pic2.zhimg.com/v2-2f0eb2abbfcbc173871ebf6a02d91f10_is.jpg",
                    "answerStar": 9777,
                    "answerDescription": "<p>\n （一）\n</p>\n<p>\n 一个美女对一个程序员初哥说：“你只要能让你们办公室的人三分钟之内吵起来，今晚我就是你的！”，然后程序员说“OK，没问题，我三秒钟就可以！”，说完他撸起袖子对着众人大喊：“PHP是世界上最好的语言！”。沉静一秒，整个办公室开始了激烈的争吵，宛如菜市场！美女无奈道：“好吧！今晚我是你的了！”。初哥拒绝道：“\n <b>\n  你先走吧！我得让他们搞清楚php才是世界上最好的语言。\n </b>\n ”\n</p>\n<p class='ztext-empty-paragraph'>\n <br/>\n</p>\n<p>\n （二）\n</p>\n<p>\n 记得我小时候看到一个男孩儿，\n <br/>\n 精致的五官，\n <br/>\n 帅气的脸庞，\n <br/>\n 纯洁干净的气息，\n <br/>\n 澄澈的双眸，\n <br/>\n 像极了不食人间烟火的精灵，\n <br/>\n ................\n <br/>\n 我曾激动了几天几夜\n <br/>\n 后来问妈妈\n <br/>\n 他是谁\n <br/>\n 妈妈告诉我\n <br/>\n <b>\n  那叫镜子。\n </b>\n</p>\n<p class='ztext-empty-paragraph'>\n <br/>\n</p>\n<p class='ztext-empty-paragraph'>\n <br/>\n</p>\n<p>\n （三）\n</p>\n<p>\n 唐僧师徒四人一起去西天取经，沙僧是个细心的人，一路上负责照顾大家的饮食起居。这天，他整理大师兄的内裤，发现有个洞，然后就缝了起来；第二天发现又有个洞，于是又补了起来；第三天依旧还是有个洞，正当他拿起针线时，猴哥过来，一脚踹飞了沙僧。\n <b>\n  你TM把洞缝上，我尾巴搁哪儿？搁哪儿？搁哪儿？\n </b>\n</p>\n<p class='ztext-empty-paragraph'>\n <br/>\n</p>\n<p class='ztext-empty-paragraph'>\n <br/>\n</p>\n<p>\n （四）\n</p>\n<p>\n 玄德来到庄前，下马亲叩柴门，一童出问。玄德曰：“\n <b>\n  汉左将军、宜城亭侯、领豫州牧、皇叔刘备，特来拜见先生。\n </b>\n ”童子曰：“\n <b>\n  我记不得许多名字。\n </b>\n ”玄德曰：“\n <b>\n  你只说刘备来访。\n </b>\n ”\n</p>\n<p class='ztext-empty-paragraph'>\n <br/>\n</p>\n<p class='ztext-empty-paragraph'>\n <br/>\n</p>\n<p>\n （五）\n</p>\n<p>\n 那怪道：“我不曾会你，有什么手段，说来我听。”\n <br/>\n <br/>\n 行者笑道：“我儿子，你站稳着，仔细听了！我——\n <br/>\n 自小神通手段高，随风变化逞英豪。养性修真熬日月，跳出轮回把命逃。\n <br/>\n 一点诚心曾访道，灵台山上采药苗。那山有个老仙长，寿年十万八千高。\n <br/>\n 老孙拜他为师父，指我长生路一条。他说身内有丹药，外边采取枉徒劳。\n <br/>\n 得传大品天仙诀，若无根本实难熬。回光内照宁心坐，身中日月坎离交。\n <br/>\n 万事不思全寡欲，六根清净体坚牢。返老还童容易得，超凡入圣路非遥。\n <br/>\n 三年无漏成仙体，不同俗辈受煎熬。十洲三岛还游戏，海角天涯转一遭。\n <br/>\n 活该三百多余岁，不得飞升上九霄。下海降龙真宝贝，才有金箍棒一条。\n <br/>\n 花果山前为帅首，水帘洞里聚群妖。玉皇大帝传宣诏，封我齐天极品高。\n <br/>\n 几番大闹灵霄殿，数次曾偷王母桃。天兵十万来降我，层层密密布枪刀。\n <br/>\n 战退天王归上界，哪吒负痛领兵逃。显圣真君能变化，老孙硬赌跌平交。\n <br/>\n 道祖观音同玉帝，南天门上看降妖。却被老君助一阵，二郎擒我到天曹。\n <br/>\n 将身绑在降妖柱，即命神兵把首枭。刀砍锤敲不得坏，又教雷打火来烧。\n <br/>\n 老孙其实有手段，全然不怕半分毫。送在老君炉里炼，六丁神火慢煎熬。\n <br/>\n 日满开炉我跳出，手持铁棒绕天跑。纵横到处无遮挡，三十三天闹一遭。\n <br/>\n 我佛如来施法力，五行山压老孙腰。整整压该五百载，幸逢三藏出唐朝。\n <br/>\n 吾今皈正西方去，转上雷音见玉毫。你去乾坤四海问一问，我是历代驰名第一妖！”\n <br/>\n <br/>\n 那怪闻言笑道：“\n <b>\n  你原来是那闹天宫的弼马温么？\n </b>\n ”\n</p>\n<p class='ztext-empty-paragraph'>\n <br/>\n</p>\n<p>\n （六）\n</p>\n<p>\n 宝玉道：“这些破荷叶可恨，怎么还不叫人来拔去。”\n</p>\n<p>\n 宝钗笑道：“今年这几日，何曾饶了这园子闲了，天天逛，那里还有叫人来收拾的工夫。”\n</p>\n<p>\n 林黛玉道：“我最不喜欢李义山的诗，只喜他这一句‘留得残荷听雨声’。偏你们又不留着残荷了。”\n</p>\n<p>\n 宝玉道：“\n <b>\n  果然好句，以后咱们就别叫人拔去了。\n </b>\n ”\n</p>\n<p class='ztext-empty-paragraph'>\n <br/>\n</p>\n<p>\n （七）\n</p>\n<p>\n 手指骨折去挂骨科。\n</p>\n<p>\n 医生：“手指怎么断的？”\n</p>\n<p>\n 我说：“我有强迫症。”\n</p>\n<p>\n 医生：“你手指断了跟强迫症有什么关系？”\n</p>\n<p>\n 我说：“\n <b>\n  十个手指九个都响，就它不响...\n </b>\n ”\n</p>\n<p class='ztext-empty-paragraph'>\n <br/>\n</p>\n<p>\n （八）\n</p>\n<p>\n 《Science》杂志的纠错文献对外声明，某团队2016年用核磁共振扫描了狗的大脑，发现狗是用左脑对语言进行处理的，这篇研究还得到了发表。\n</p>\n<p>\n 然而，时隔一年，团队研究人员意识到，\n <b>\n  人是躺着进去的，而狗是趴着进去的，所以左右脑搞反了…\n </b>\n <br/>\n <br/>\n <br/>\n</p>\n\n \n  <img src='https://pic2.zhimg.com/50/v2-c2b337f2997ead9d5c31adc1ddb828cf_hd.jpg' width='640'>\n \n \n\n<p class='ztext-empty-paragraph'>\n <br/>\n</p>\n<p>\n 相关链接：\n</p>\n<p>\n <a class='internal' href='https://www.zhihu.com/question/320179002/answer/656270724'>\n  有什么好笑的冷笑话吗？\n </a>\n</p>\n<p>\n <a class='internal' href='https://www.zhihu.com/question/41822206/answer/254061585'>\n  有什么笑话可以笑一辈子？\n </a>\n</p>\n<a class='internal' data-draft-node='block' data-draft-type='link-card' data-image='https://pic1.zhimg.com/v2-35a668651179ccbfff6be1d5d962915c_bh.jpg' data-image-height='749' data-image-width='1076' href='https://www.zhihu.com/question/271861610/answer/651851538'>\n 你听过哪些经典的冷笑话？\n</a>\n<p>\n</p>",
                    "answerLength": 1464,
                    "answerExtraction": " （一） 一个美女对一个程序员初哥说：“你只要能让你们办公室的人三分钟之内吵起来，今晚我就是你的！”，然后程序员说“OK，没问题，我三秒钟就可以！”，说完他撸起袖子对着众人大喊：“PHP是世界上最好的语言！”。沉静一秒，整个办公室开始了激烈的争吵，宛如菜市场！美女无奈道：“好吧！今晚我是你的了！”。初哥拒绝道：“ 你先",
                    "keyWord": [
                        "手指",
                        "初哥",
                        "残荷",
                        "强迫症",
                        "老孙"
                    ],
                    "commentNumber": 377
                }
            ]
        }
    }

}