{
  "comment":
  {
    "code":"1",
    "msg":"成功",
    "data":
    {
      "commentNumber": 134,
      "commentInfoList":[
        {
          "commentId": 1,
          "userNickname": "挑灯",
          "userImageUrl": "https://pic2.zhimg.com/09c0539079846822b680692ae16bd93b_is.jpg",
          "updateTime": "一天前",
          "commentDescription": "醉里挑灯，只想看你醉里挑灯，只想看你醉"
        },
        {
          "answerId": 2,
          "userNickname": "知乎用户",
          "userDescription": "这个人很懒 啥也没留下",
          "userImageUrl": "https://pic4.zhimg.com/da8e974dc_is.jpg",
          "answerStar": 16640,
          "updateTime": "两天前",
          "commentDescription": "幽默答主，电影达人"
        },
        {
          "answerId": 3,
          "userNickname": "叶落秋",
          "userDescription": "幽默答主，电影达人",
          "userImageUrl": "https://pic4.zhimg.com/v2-f8a3c0740563cdd4dc9a9e64dc2db875_is.jpg",
          "answerStar": 16488,
          "updateTime": "一小时前",
          "commentDescription": "学期开始实习，教一个预科班的汉语，班上的学（xiong）生（hai zi）大都十八九岁，来自世界各地，拿了中国政府奖学金来中国学汉语。分到我们班的有15个学生，"
        },
        {
          "answerId": 4,
          "userNickname": "梅砸",
          "userDescription": "对外汉语硕士在读",
          "userImageUrl": "https://pic1.zhimg.com/v2-086ab43b3a7fea33d9dcc3ea96979c9f_is.jpg",
          "answerStar": 8714,
          "updateTime": "三天前",
          "commentDescription": "分到我们班的有15个学生，他们来自十四个国家，国籍不同、肤色不同、性格也不同。 因为亲属语言以及历史殖民的原因，大多数同学都会好几门外语。下课后听他们操着俄语、英语、印尼语、汉语、法"
        },
        {
          "answerId": 5,
          "userNickname": "Orange欧伶猪",
          "userDescription": "擅长降维打击 专业抖机灵",
          "userImageUrl": "https://pic4.zhimg.com/v2-fde91f1c7fa759b4a8f9688d7acfc39d_is.jpg",
          "answerStar": 52491,
          "updateTime": "三天前",
          "commentDescription": "我有！！！ 我经常保存一些段子和好玩的图片，每当自己心情不好的时候就会拿出来看看，真的超级治愈哦！ 其他答主已经说的很全面了，我就多发几张让人心情愉悦的沙雕图叭！ 调皮的水龙头 单身狗配不配拥有情侣网名呢 心疼后面的小伙汁 这只鸡会飞！！ 狮子：胆小鬼。 再来几个段子！ 哈哈哈哈哈哈 是不是很骚？"
        },
        {
          "answerId": 6,
          "userNickname": "青葱年少",
          "userDescription": "公众号“书架之家”",
          "userImageUrl": "https://pic1.zhimg.com/v2-b05e71e9c262d6cc60f2bc9bbc334030_is.jpg",
          "answerStar": 7067,
          "updateTime": "三天前",
          "commentDescription": "突然听见前面有个美女一直在喊：“宝贝，你在哪？快出来啊，小宝贝，快出来！”\n</p>\n<p>\n 喊的那叫一个心酸，那叫一个柔肠百转，这时突然从草丛里钻出一只小狗。\n</p>\n<p>\n 美女上前就把小狗抱起来对着狗嘴一顿猛亲"
        },
        {
          "answerId": 7,
          "userNickname": "夜雪",
          "userDescription": "我本是卧龙岗扯淡的人",
          "userImageUrl": "https://pic3.zhimg.com/5961a42160b032f7bbf6ddeb01f7607f_is.jpg",
          "answerStar": 5306,
          "updateTime": "两天前",
          "commentDescription": "幽默答主，电影达人"
        },
        {
          "answerId": 8,
          "userNickname": "金鱼与木鱼",
          "userDescription": "孤独感染者",
          "userImageUrl": "https://pic4.zhimg.com/da8e974dc_is.jpg",
          "answerStar": 1558,
          "updateTime": "两天前",
          "commentDescription": "既然把大家逗乐了我就再更新一些吧～ 笑了就给个赞呗～"
        },
        {
          "answerId": 9,
          "userNickname": "芥子纳须弥",
          "userDescription": "热爱生活",
          "userImageUrl": "https://pic3.zhimg.com/v2-ae7ac2693c90a83865b24363269c98da_is.jpg",
          "answerStar": 12395,
          "updateTime": "两天前",
          "commentDescription": "执着于理则锋芒毕露，沉湎于情则随波逐流，强执己见又自缚一隅。"
        },
        {
          "answerId": 10,
          "userNickname": "李三三",
          "userDescription": "执着于理则锋芒毕露，沉湎于情则随波逐流，强执己见又自缚一隅。",
          "userImageUrl": "https://pic3.zhimg.com/v2-3a28c82d1a763288ab4a3012597edb5d_is.jpg",
          "answerStar": 1476,
          "updateTime": "两天前",
          "commentDescription": "室老大是北方汉子，老二是南方人。 有一天，老大问老二：今天中午咱整点啥？ 老二不懂，老大就解释：这整，就是吃的意思！ … 吃完，两人去上厕所，一推门"
        },
        {
          "answerId": 11,
          "userNickname": "知乎用户",
          "userDescription": "这个人很懒 啥也没留下",
          "userImageUrl": "https://pic4.zhimg.com/da8e974dc_is.jpg",
          "answerStar": 1403,
          "updateTime": "三天前",
          "commentDescription": "我有！！！ 我经常保存一些段子和好玩的图片，每当自己心情不好的时候就会拿出来看看，真的超级治愈哦！ 其他答主已经说的很全面了，我就多发几张让人心情愉悦的沙雕图叭！ 调皮的水龙头 单身狗配不配拥有情侣网名呢 心疼后面的小伙汁 这只鸡会飞！！ 狮子：胆小鬼。 再来几个段子！ 哈哈哈哈哈哈 是不是很骚？"
        },
        {
          "answerId": 12,
          "userNickname": "klayar",
          "userDescription": "这个人很懒 啥也没留下",
          "userImageUrl": "https://pic1.zhimg.com/v2-1885a5c77d83ec2ed9d9ae48a3e963b0_is.jpg",
          "answerStar": 2285,
          "updateTime": "三天前",
          "commentDescription": "我有！！！ 我经常保存一些段子和好玩的图片，每当自己心情不好的时候就会拿出来看看，真的超级治愈哦！ 其他答主已经说的很全面了，我就多发几张让人心情愉悦的沙雕图叭！ 调皮的水龙头 单身狗配不配拥有情侣网名呢 心疼后面的小伙汁 这只鸡会飞！！ 狮子：胆小鬼。 再来几个段子！ 哈哈哈哈哈哈 是不是很骚？"
        },
        {
          "answerId": 13,
          "userNickname": "包子",
          "userDescription": "好想操死我自己",
          "userImageUrl": "https://pic3.zhimg.com/v2-c5c611d846ed72252721e3e088cfb6c0_is.jpg",
          "answerStar": 4164,
          "updateTime": "三天前",
          "commentDescription": "我有！！！ 我经常保存一些段子和好玩的图片，每当自己心情不好的时候就会拿出来看看，真的超级治愈哦！ 其他答主已经说的很全面了，我就多发几张让人心情愉悦的沙雕图叭！ 调皮的水龙头 单身狗配不配拥有情侣网名呢 心疼后面的小伙汁 这只鸡会飞！！ 狮子：胆小鬼。 再来几个段子！ 哈哈哈哈哈哈 是不是很骚？"
        },
        {
          "answerId": 14,
          "userNickname": "巨人卿笑",
          "userDescription": "这个人很懒 啥也没留下",
          "userImageUrl": "https://pic2.zhimg.com/v2-4f2cb9ac49ac69baceb815912f3fa842_is.jpg",
          "answerStar": 1721,
          "updateTime": "三天前",
          "commentDescription": "我有！！！ 我经常保存一些段子和好玩的图片，每当自己心情不好的时候就会拿出来看看，真的超级治愈哦！ 其他答主已经说的很全面了，我就多发几张让人心情愉悦的沙雕图叭！ 调皮的水龙头 单身狗配不配拥有情侣网名呢 心疼后面的小伙汁 这只鸡会飞！！ 狮子：胆小鬼。 再来几个段子！ 哈哈哈哈哈哈 是不是很骚？"
        },
        {
          "answerId": 15,
          "userNickname": "薛动谔的喵",
          "userDescription": "生命以负熵为食",
          "userImageUrl": "https://pic2.zhimg.com/v2-2f0eb2abbfcbc173871ebf6a02d91f10_is.jpg",
          "answerStar": 9777,
          "updateTime": "三天前",
          "commentDescription": "我有！！！ 我经常保存一些段子和好玩的图片，每当自己心情不好的时候就会拿出来看看，真的超级治愈哦！ 其他答主已经说的很全面了，我就多发几张让人心情愉悦的沙雕图叭！ 调皮的水龙头 单身狗配不配拥有情侣网名呢 心疼后面的小伙汁 这只鸡会飞！！ 狮子：胆小鬼。 再来几个段子！ 哈哈哈哈哈哈 是不是很骚？"
        }
      ]
    }
  }
}