{
  "answer":{
    "code": "1",
    "message":"ok",
    "data": [
      {
        "questionTitle": "周杰伦的哪首歌第一次听时就给你一种很惊艳的感觉，从而留下深刻印象？",
        "answerExtraction": " 花海。 当时明明是第一次听，却觉得非常非常地熟悉。其实杰伦有很多歌都给我这种感觉，听一遍就能哼哼了。 “不要你离开，距离隔不开。思念变成海，在窗外进不来。”音高恰到好处，那种情感也寄寓在歌声里，思念与爱就是这首歌的主题吧。 刚好今天5.20，又是单曲循环《花海》的好日子。(*¯︶¯*) 分割线嘻嘻(///▽///) ",
        "answerDescription": "<p>哪有这么轻易的粉一个明星的</p><p>吴亦凡这个歌出来，我们宿舍单曲循环了好久，但是也没人粉他，只是一笑了之</p><p>如果蔡徐坤以后也这么自黑，那我也只能是笑一笑罢了</p><p>对于大部分不追星的人来说，这些娱乐流量，仅供娱乐，哪有功夫黑他们或是粉他们，有梗就玩一下，给生活带来点小乐趣就够了</p><hr/><p>竟然破千了，知乎老透明都快哭了，看来徐坤还是火啊(⊙o⊙)</p>",
        "answerStar": 1470,
        "comment": 81,
        "answerId": 1,
        "id": 20
      },
      {
        "questionTitle": "数学里的 e 为什么叫做自然底数？是不是自然界里什么东西恰好是 e？",
        "answerExtraction": "包寒吴霜： 读中学的时候一直不明白为什么会有 e 这个存在，而且前几位数字还比较搞笑：2.718281828……直到某一天，我终于发现，原来这个数字的存在其实是很「自然」的一件事情…… 1 / 多少妃子得…",
        "answerDescription": "<p>蔡徐坤被全网嘲的导火索，是他当了nba新春大使，还被翻出以前“秀球技”的视频。</p><p>其实按这么看，可以对比另一个爱豆——鹿晗。他现在的身份是曼联红魔使者。</p><p>要说网民对鹿晗的感觉，估计也没好到哪里去，同样是资本包装出来的偶像，回国这几年没有展现出有说服力的业务能力，形象也挺娘的，部分粉丝也挺睿智的。</p><p>但是对于曼联球迷来说，可以黑他别的，曼联大使的身份却黑不得。别的不说，他是身体力行地在支持曼联，也给曼联吸了很多女粉，她们不得不去跟着学一些足球黑话，不然哥哥发的微博都看不懂了</p><figure data-size=\"normal\"><noscript><img src=\"https://pic2.zhimg.com/50/v2-1d930c39dfc1445d288fc5615101c500_hd.jpg\" data-rawwidth=\"1080\" data-rawheight=\"1920\" data-size=\"normal\" data-default-watermark-src=\"https://pic1.zhimg.com/50/v2-ca737bc14465e51def521fda99ce56ef_hd.jpg\" class=\"origin_image zh-lightbox-thumb\" width=\"1080\" data-original=\"https://pic2.zhimg.com/v2-1d930c39dfc1445d288fc5615101c500_r.jpg\"/></noscript><img src=\"data:image/svg+xml;utf8,&lt;svg xmlns=&#39;http://www.w3.org/2000/svg&#39; width=&#39;1080&#39; height=&#39;1920&#39;&gt;&lt;/svg&gt;\" data-rawwidth=\"1080\" data-rawheight=\"1920\" data-size=\"normal\" data-default-watermark-src=\"https://pic1.zhimg.com/50/v2-ca737bc14465e51def521fda99ce56ef_hd.jpg\" class=\"origin_image zh-lightbox-thumb lazy\" width=\"1080\" data-original=\"https://pic2.zhimg.com/v2-1d930c39dfc1445d288fc5615101c500_r.jpg\" data-actualsrc=\"https://pic2.zhimg.com/50/v2-1d930c39dfc1445d288fc5615101c500_hd.jpg\"/></figure><p>除此之外，上个月曼联逆转大巴黎的比赛，他也是跟着大家熬夜看了，还激动的发了条微博（还被喷了）</p><figure data-size=\"normal\"><noscript><img src=\"https://pic1.zhimg.com/50/v2-5ee9f161398f14ceefafee7ff8ee6407_hd.jpg\" data-rawwidth=\"1080\" data-rawheight=\"1920\" data-size=\"normal\" data-default-watermark-src=\"https://pic4.zhimg.com/50/v2-49e450a26e76726a2b78c4cebf77ada5_hd.jpg\" class=\"origin_image zh-lightbox-thumb\" width=\"1080\" data-original=\"https://pic1.zhimg.com/v2-5ee9f161398f14ceefafee7ff8ee6407_r.jpg\"/></noscript><img src=\"data:image/svg+xml;utf8,&lt;svg xmlns=&#39;http://www.w3.org/2000/svg&#39; width=&#39;1080&#39; height=&#39;1920&#39;&gt;&lt;/svg&gt;\" data-rawwidth=\"1080\" data-rawheight=\"1920\" data-size=\"normal\" data-default-watermark-src=\"https://pic4.zhimg.com/50/v2-49e450a26e76726a2b78c4cebf77ada5_hd.jpg\" class=\"origin_image zh-lightbox-thumb lazy\" width=\"1080\" data-original=\"https://pic1.zhimg.com/v2-5ee9f161398f14ceefafee7ff8ee6407_r.jpg\" data-actualsrc=\"https://pic1.zhimg.com/50/v2-5ee9f161398f14ceefafee7ff8ee6407_hd.jpg\"/></figure><p>他能让我们感受到是真的喜欢这支球队，而不是商业行为，拿钱办事…粉圈外的大家喜欢真实</p><p>反观蔡徐坤，他作为nba新春大使，他喜欢看nba吗？不知道。现在nba季后赛打得那么刺激，他一点反应都没有……难道他是詹姆斯的球迷，没进季后赛就不看了？</p><p>而且他自称篮球校队，但是打篮球的样子一看就打得不咋地。而鹿晗踢球的视频很多人都看过，踢的水平懂的人都懂，一看就底子很好。</p><p>总的来说就是——</p><p>偶像明星是曼联球迷</p><p>——切，装吧</p><p>曼联球迷里面有偶像明星</p><p>——哇靠，牛逼</p><p>……更新4.24……</p><p>如果有兴趣了解鹿晗和曼联的故事，可以去网上找看看鹿晗上央视天下足球的那期来看</p>",
        "answerStar": 1544,
        "comment": 105,
        "answerId": 2,
        "id": 21
      },
      {
        "questionTitle": "如果哪天蔡徐坤也玩自己篮球梗了你会粉他吗？",
        "answerExtraction": " 不会 如果cxk第一时间录了个更好的打篮球视频 并且发微博配文:听说有人说我打篮球像cxk 那我可能会觉得这个人大度。顶到也就是不黑他了。怎么可能粉上 但是他没有这么做。赚够流量然后律师函警告，这操作手法跟视觉中国有的一拼。 完事看吴亦凡洗白了也这么跟风，我只会从讨厌他的nc粉到讨厌他 ……分…………割…………线……",
        "answerDescription": "<p>不会</p><p>如果cxk第一时间录了个更好的打篮球视频</p><p>并且发微博配文:听说有人说我打篮球像cxk</p><p>那我可能会觉得这个人大度。顶到也就是不黑他了。怎么可能粉上</p><p>但是他没有这么做。赚够流量然后律师函警告，这操作手法跟视觉中国有的一拼。</p><p>完事看吴亦凡洗白了也这么跟风，我只会从讨厌他的nc粉到讨厌他</p><figure data-size=\"normal\"><noscript><img src=\"https://pic1.zhimg.com/50/v2-cf5406163a91da4d48e778957b8df1c1_hd.jpg\" data-rawwidth=\"1090\" data-rawheight=\"989\" data-size=\"normal\" data-default-watermark-src=\"https://pic3.zhimg.com/50/v2-35889351614f449ad04ce793c30837c1_hd.jpg\" class=\"origin_image zh-lightbox-thumb\" width=\"1090\" data-original=\"https://pic1.zhimg.com/v2-cf5406163a91da4d48e778957b8df1c1_r.jpg\"/></noscript><img src=\"data:image/svg+xml;utf8,&lt;svg xmlns=&#39;http://www.w3.org/2000/svg&#39; width=&#39;1090&#39; height=&#39;989&#39;&gt;&lt;/svg&gt;\" data-rawwidth=\"1090\" data-rawheight=\"989\" data-size=\"normal\" data-default-watermark-src=\"https://pic3.zhimg.com/50/v2-35889351614f449ad04ce793c30837c1_hd.jpg\" class=\"origin_image zh-lightbox-thumb lazy\" width=\"1090\" data-original=\"https://pic1.zhimg.com/v2-cf5406163a91da4d48e778957b8df1c1_r.jpg\" data-actualsrc=\"https://pic1.zhimg.com/50/v2-cf5406163a91da4d48e778957b8df1c1_hd.jpg\"/></figure><p class=\"ztext-empty-paragraph\"><br/></p><p class=\"ztext-empty-paragraph\"><br/></p><p class=\"ztext-empty-paragraph\"><br/></p><p>……分…………割…………线……………线……………</p><p>强行说我吴亦凡粉丝？然后又说自己不是cxk粉丝只是路人balabala……很有意思？</p><p>回答就那么几个，一半都是黑别的明星的。职业黑？</p><p class=\"ztext-empty-paragraph\"><br/></p><p>没事，我心安理得高赞，你自己想为啥没人给你点赞，嘻嘻嘻嘻。</p><figure data-size=\"normal\"><noscript><img src=\"https://pic1.zhimg.com/50/v2-ab62592176281222fd844d002cff1c9d_hd.jpg\" data-rawwidth=\"1080\" data-rawheight=\"2280\" data-size=\"normal\" data-default-watermark-src=\"https://pic4.zhimg.com/50/v2-726619a4d104e392c4676a0d0fcabcf0_hd.jpg\" class=\"origin_image zh-lightbox-thumb\" width=\"1080\" data-original=\"https://pic1.zhimg.com/v2-ab62592176281222fd844d002cff1c9d_r.jpg\"/></noscript><img src=\"data:image/svg+xml;utf8,&lt;svg xmlns=&#39;http://www.w3.org/2000/svg&#39; width=&#39;1080&#39; height=&#39;2280&#39;&gt;&lt;/svg&gt;\" data-rawwidth=\"1080\" data-rawheight=\"2280\" data-size=\"normal\" data-default-watermark-src=\"https://pic4.zhimg.com/50/v2-726619a4d104e392c4676a0d0fcabcf0_hd.jpg\" class=\"origin_image zh-lightbox-thumb lazy\" width=\"1080\" data-original=\"https://pic1.zhimg.com/v2-ab62592176281222fd844d002cff1c9d_r.jpg\" data-actualsrc=\"https://pic1.zhimg.com/50/v2-ab62592176281222fd844d002cff1c9d_hd.jpg\"/></figure><p></p><p></p>",
        "answerStar": 1470,
        "comment": 266,
        "answerId": 3,
        "id": 23
      },
      {
        "questionTitle": "周杰伦的哪首歌第一次听时就给你一种很惊艳的感觉，从而留下深刻印象？",
        "answerExtraction": " 花海。 当时明明是第一次听，却觉得非常非常地熟悉。其实杰伦有很多歌都给我这种感觉，听一遍就能哼哼了。 “不要你离开，距离隔不开。思念变成海，在窗外进不来。”音高恰到好处，那种情感也寄寓在歌声里，思念与爱就是这首歌的主题吧。 刚好今天5.20，又是单曲循环《花海》的好日子。(*¯︶¯*) 分割线嘻嘻(///▽///) ",
        "answerDescription": "<p>哪有这么轻易的粉一个明星的</p><p>吴亦凡这个歌出来，我们宿舍单曲循环了好久，但是也没人粉他，只是一笑了之</p><p>如果蔡徐坤以后也这么自黑，那我也只能是笑一笑罢了</p><p>对于大部分不追星的人来说，这些娱乐流量，仅供娱乐，哪有功夫黑他们或是粉他们，有梗就玩一下，给生活带来点小乐趣就够了</p><hr/><p>竟然破千了，知乎老透明都快哭了，看来徐坤还是火啊(⊙o⊙)</p>",
        "answerStar": 1470,
        "comment": 81,
        "answerId": 4,
        "id": 24
      },
      {
        "questionTitle": "数学里的 e 为什么叫做自然底数？是不是自然界里什么东西恰好是 e？",
        "answerExtraction": "包寒吴霜： 读中学的时候一直不明白为什么会有 e 这个存在，而且前几位数字还比较搞笑：2.718281828……直到某一天，我终于发现，原来这个数字的存在其实是很「自然」的一件事情…… 1 / 多少妃子得…",
        "answerDescription": "<p>蔡徐坤被全网嘲的导火索，是他当了nba新春大使，还被翻出以前“秀球技”的视频。</p><p>其实按这么看，可以对比另一个爱豆——鹿晗。他现在的身份是曼联红魔使者。</p><p>要说网民对鹿晗的感觉，估计也没好到哪里去，同样是资本包装出来的偶像，回国这几年没有展现出有说服力的业务能力，形象也挺娘的，部分粉丝也挺睿智的。</p><p>但是对于曼联球迷来说，可以黑他别的，曼联大使的身份却黑不得。别的不说，他是身体力行地在支持曼联，也给曼联吸了很多女粉，她们不得不去跟着学一些足球黑话，不然哥哥发的微博都看不懂了</p><figure data-size=\"normal\"><noscript><img src=\"https://pic2.zhimg.com/50/v2-1d930c39dfc1445d288fc5615101c500_hd.jpg\" data-rawwidth=\"1080\" data-rawheight=\"1920\" data-size=\"normal\" data-default-watermark-src=\"https://pic1.zhimg.com/50/v2-ca737bc14465e51def521fda99ce56ef_hd.jpg\" class=\"origin_image zh-lightbox-thumb\" width=\"1080\" data-original=\"https://pic2.zhimg.com/v2-1d930c39dfc1445d288fc5615101c500_r.jpg\"/></noscript><img src=\"data:image/svg+xml;utf8,&lt;svg xmlns=&#39;http://www.w3.org/2000/svg&#39; width=&#39;1080&#39; height=&#39;1920&#39;&gt;&lt;/svg&gt;\" data-rawwidth=\"1080\" data-rawheight=\"1920\" data-size=\"normal\" data-default-watermark-src=\"https://pic1.zhimg.com/50/v2-ca737bc14465e51def521fda99ce56ef_hd.jpg\" class=\"origin_image zh-lightbox-thumb lazy\" width=\"1080\" data-original=\"https://pic2.zhimg.com/v2-1d930c39dfc1445d288fc5615101c500_r.jpg\" data-actualsrc=\"https://pic2.zhimg.com/50/v2-1d930c39dfc1445d288fc5615101c500_hd.jpg\"/></figure><p>除此之外，上个月曼联逆转大巴黎的比赛，他也是跟着大家熬夜看了，还激动的发了条微博（还被喷了）</p><figure data-size=\"normal\"><noscript><img src=\"https://pic1.zhimg.com/50/v2-5ee9f161398f14ceefafee7ff8ee6407_hd.jpg\" data-rawwidth=\"1080\" data-rawheight=\"1920\" data-size=\"normal\" data-default-watermark-src=\"https://pic4.zhimg.com/50/v2-49e450a26e76726a2b78c4cebf77ada5_hd.jpg\" class=\"origin_image zh-lightbox-thumb\" width=\"1080\" data-original=\"https://pic1.zhimg.com/v2-5ee9f161398f14ceefafee7ff8ee6407_r.jpg\"/></noscript><img src=\"data:image/svg+xml;utf8,&lt;svg xmlns=&#39;http://www.w3.org/2000/svg&#39; width=&#39;1080&#39; height=&#39;1920&#39;&gt;&lt;/svg&gt;\" data-rawwidth=\"1080\" data-rawheight=\"1920\" data-size=\"normal\" data-default-watermark-src=\"https://pic4.zhimg.com/50/v2-49e450a26e76726a2b78c4cebf77ada5_hd.jpg\" class=\"origin_image zh-lightbox-thumb lazy\" width=\"1080\" data-original=\"https://pic1.zhimg.com/v2-5ee9f161398f14ceefafee7ff8ee6407_r.jpg\" data-actualsrc=\"https://pic1.zhimg.com/50/v2-5ee9f161398f14ceefafee7ff8ee6407_hd.jpg\"/></figure><p>他能让我们感受到是真的喜欢这支球队，而不是商业行为，拿钱办事…粉圈外的大家喜欢真实</p><p>反观蔡徐坤，他作为nba新春大使，他喜欢看nba吗？不知道。现在nba季后赛打得那么刺激，他一点反应都没有……难道他是詹姆斯的球迷，没进季后赛就不看了？</p><p>而且他自称篮球校队，但是打篮球的样子一看就打得不咋地。而鹿晗踢球的视频很多人都看过，踢的水平懂的人都懂，一看就底子很好。</p><p>总的来说就是——</p><p>偶像明星是曼联球迷</p><p>——切，装吧</p><p>曼联球迷里面有偶像明星</p><p>——哇靠，牛逼</p><p>……更新4.24……</p><p>如果有兴趣了解鹿晗和曼联的故事，可以去网上找看看鹿晗上央视天下足球的那期来看</p>",
        "answerStar": 1544,
        "comment": 105,
        "answerId": 5,
        "id": 25
      },
      {
        "questionTitle": "如果哪天蔡徐坤也玩自己篮球梗了你会粉他吗？",
        "answerExtraction": " 不会 如果cxk第一时间录了个更好的打篮球视频 并且发微博配文:听说有人说我打篮球像cxk 那我可能会觉得这个人大度。顶到也就是不黑他了。怎么可能粉上 但是他没有这么做。赚够流量然后律师函警告，这操作手法跟视觉中国有的一拼。 完事看吴亦凡洗白了也这么跟风，我只会从讨厌他的nc粉到讨厌他 ……分…………割…………线……",
        "answerDescription": "<p>不会</p><p>如果cxk第一时间录了个更好的打篮球视频</p><p>并且发微博配文:听说有人说我打篮球像cxk</p><p>那我可能会觉得这个人大度。顶到也就是不黑他了。怎么可能粉上</p><p>但是他没有这么做。赚够流量然后律师函警告，这操作手法跟视觉中国有的一拼。</p><p>完事看吴亦凡洗白了也这么跟风，我只会从讨厌他的nc粉到讨厌他</p><figure data-size=\"normal\"><noscript><img src=\"https://pic1.zhimg.com/50/v2-cf5406163a91da4d48e778957b8df1c1_hd.jpg\" data-rawwidth=\"1090\" data-rawheight=\"989\" data-size=\"normal\" data-default-watermark-src=\"https://pic3.zhimg.com/50/v2-35889351614f449ad04ce793c30837c1_hd.jpg\" class=\"origin_image zh-lightbox-thumb\" width=\"1090\" data-original=\"https://pic1.zhimg.com/v2-cf5406163a91da4d48e778957b8df1c1_r.jpg\"/></noscript><img src=\"data:image/svg+xml;utf8,&lt;svg xmlns=&#39;http://www.w3.org/2000/svg&#39; width=&#39;1090&#39; height=&#39;989&#39;&gt;&lt;/svg&gt;\" data-rawwidth=\"1090\" data-rawheight=\"989\" data-size=\"normal\" data-default-watermark-src=\"https://pic3.zhimg.com/50/v2-35889351614f449ad04ce793c30837c1_hd.jpg\" class=\"origin_image zh-lightbox-thumb lazy\" width=\"1090\" data-original=\"https://pic1.zhimg.com/v2-cf5406163a91da4d48e778957b8df1c1_r.jpg\" data-actualsrc=\"https://pic1.zhimg.com/50/v2-cf5406163a91da4d48e778957b8df1c1_hd.jpg\"/></figure><p class=\"ztext-empty-paragraph\"><br/></p><p class=\"ztext-empty-paragraph\"><br/></p><p class=\"ztext-empty-paragraph\"><br/></p><p>……分…………割…………线……………线……………</p><p>强行说我吴亦凡粉丝？然后又说自己不是cxk粉丝只是路人balabala……很有意思？</p><p>回答就那么几个，一半都是黑别的明星的。职业黑？</p><p class=\"ztext-empty-paragraph\"><br/></p><p>没事，我心安理得高赞，你自己想为啥没人给你点赞，嘻嘻嘻嘻。</p><figure data-size=\"normal\"><noscript><img src=\"https://pic1.zhimg.com/50/v2-ab62592176281222fd844d002cff1c9d_hd.jpg\" data-rawwidth=\"1080\" data-rawheight=\"2280\" data-size=\"normal\" data-default-watermark-src=\"https://pic4.zhimg.com/50/v2-726619a4d104e392c4676a0d0fcabcf0_hd.jpg\" class=\"origin_image zh-lightbox-thumb\" width=\"1080\" data-original=\"https://pic1.zhimg.com/v2-ab62592176281222fd844d002cff1c9d_r.jpg\"/></noscript><img src=\"data:image/svg+xml;utf8,&lt;svg xmlns=&#39;http://www.w3.org/2000/svg&#39; width=&#39;1080&#39; height=&#39;2280&#39;&gt;&lt;/svg&gt;\" data-rawwidth=\"1080\" data-rawheight=\"2280\" data-size=\"normal\" data-default-watermark-src=\"https://pic4.zhimg.com/50/v2-726619a4d104e392c4676a0d0fcabcf0_hd.jpg\" class=\"origin_image zh-lightbox-thumb lazy\" width=\"1080\" data-original=\"https://pic1.zhimg.com/v2-ab62592176281222fd844d002cff1c9d_r.jpg\" data-actualsrc=\"https://pic1.zhimg.com/50/v2-ab62592176281222fd844d002cff1c9d_hd.jpg\"/></figure><p></p><p></p>",
        "answerStar": 1470,
        "comment": 266,
        "answerId": 6,
        "id": 26
      }
    ]
  }
}